county,state,ssa,fips
AUTAUGA,AL,01000,01001
BALDWIN,AL,01010,01003
BARBOUR,AL,01020,01005
BIBB,AL,01030,01007
BLOUNT,AL,01040,01009
BULLOCK,AL,01050,01011
BUTLER,AL,01060,01013
CALHOUN,AL,01070,01015
CHAMBERS,AL,01080,01017
CHEROKEE,AL,01090,01019
CHILTON,AL,01100,01021
CHOCTAW,AL,01110,01023
CLARKE,AL,01120,01025
CLAY,AL,01130,01027
CLEBURNE,AL,01140,01029
COFFEE,AL,01150,01031
COLBERT,AL,01160,01033
CONECUH,AL,01170,01035
COOSA,AL,01180,01037
COVINGTON,AL,01190,01039
CRENSHAW,AL,01200,01041
CULLMAN,AL,01210,01043
DALE,AL,01220,01045
DALLAS,AL,01230,01047
DE KALB,AL,01240,01049
ELMORE,AL,01250,01051
ESCAMBIA,AL,01260,01053
ETOWAH,AL,01270,01055
FAYETTE,AL,01280,01057
FRANKLIN,AL,01290,01059
GENEVA,AL,01300,01061
GREENE,AL,01310,01063
HALE,AL,01320,01065
HENRY,AL,01330,01067
HOUSTON,AL,01340,01069
JACKSON,AL,01350,01071
JEFFERSON,AL,01360,01073
LAMAR,AL,01370,01075
LAUDERDALE,AL,01380,01077
LAWRENCE,AL,01390,01079
LEE,AL,01400,01081
LIMESTONE,AL,01410,01083
LOWNDES,AL,01420,01085
MACON,AL,01430,01087
MADISON,AL,01440,01089
MARENGO,AL,01450,01091
MARION,AL,01460,01093
MARSHALL,AL,01470,01095
MOBILE,AL,01480,01097
MONROE,AL,01490,01099
MONTGOMERY,AL,01500,01101
MORGAN,AL,01510,01103
PERRY,AL,01520,01105
PICKENS,AL,01530,01107
PIKE,AL,01540,01109
RANDOLPH,AL,01550,01111
RUSSELL,AL,01560,01113
ST. CLAIR,AL,01570,01115
SHELBY,AL,01580,01117
SUMTER,AL,01590,01119
TALLADEGA,AL,01600,01121
TALLAPOOSA,AL,01610,01123
TUSCALOOSA,AL,01620,01125
WALKER,AL,01630,01127
KEITH,NE,28500,31101
WASHINGTON,AL,01640,01129
WILCOX,AL,01650,01131
WINSTON,AL,01660,01133
STATEWIDE,AL,01999,01990
ALEUTIANS EAST,AK,02013,02013
ALEUTIANS WEST,AK,02016,02016
ANCHORAGE,AK,02020,02020
BETHEL,AK,02050,02050
BRISTOL BAY BOROUGH,AK,02060,02060
DENALI,AK,02068,02068
DILLINGHAM,AK,02070,02070
FAIRBANKS NORTH STAR,AK,02090,02090
HAINES,AK,02100,02100
HOONAH-ANGOON CENSUS AREA,AK,02105,02105
JUNEAU,AK,02110,02110
KENAI PENINSULA,AK,02122,02122
KETCHIKAN GATEWAY,AK,02130,02130
KODIAK ISLAND BOROUGH,AK,02150,02150
LAKE AND PENINSULA,AK,02164,02164
MATANUSKA-SUSITNA,AK,02170,02170
NOME,AK,02180,02180
NORTH SLOPE BOROUH,AK,02185,02185
NORTHWEST ARTIC BOROUGH,AK,02188,02188
PETERSBURG CENSUS AREA,AK,02195,02195
PR.OF WALES-HYDER CNS AREA,AK,02198,02198
SITKA BOROUGH,AK,02220,02220
SKAGWAY-YAKUTAT,AK,02230,02230
SOUTHEAST FAIRBANKS,AK,02240,02240
VALDEZ-CORDOVA,AK,02261,02261
WADE HAMPTON,AK,02270,02270
WRANGELL CITY AND BOROUGH,AK,02275,02275
YAKUTAT BOROUGH,AK,02282,02282
YUKON-KOYUKUK,AK,02290,02290
STATEWIDE,AK,02999,02990
APACHE,AZ,03000,04001
COCHISE,AZ,03010,04003
COCONINO,AZ,03020,04005
GILA,AZ,03030,04007
GRAHAM,AZ,03040,04009
GREENLEE,AZ,03050,04011
LAPAZ,AZ,03055,04012
MARICOPA,AZ,03060,04013
MOHAVE,AZ,03070,04015
NAVAJO,AZ,03080,04017
PIMA,AZ,03090,04019
PINAL,AZ,03100,04021
SANTA CRUZ,AZ,03110,04023
YAVAPAI,AZ,03120,04025
YUMA,AZ,03130,04027
STATEWIDE,AZ,03999,04990
ARKANSAS,AR,04000,05001
ASHLEY,AR,04010,05003
BAXTER,AR,04020,05005
BENTON,AR,04030,05007
BOONE,AR,04040,05009
BRADLEY,AR,04050,05011
CALHOUN,AR,04060,05013
CARROLL,AR,04070,05015
CHICOT,AR,04080,05017
CLARK,AR,04090,05019
CLAY,AR,04100,05021
CLEBURNE,AR,04110,05023
CLEVELAND,AR,04120,05025
COLUMBIA,AR,04130,05027
CONWAY,AR,04140,05029
CRAIGHEAD,AR,04150,05031
CRAWFORD,AR,04160,05033
CRITTENDEN,AR,04170,05035
CROSS,AR,04180,05037
DALLAS,AR,04190,05039
DESHA,AR,04200,05041
DREW,AR,04210,05043
FAULKNER,AR,04220,05045
FRANKLIN,AR,04230,05047
FULTON,AR,04240,05049
GARLAND,AR,04250,05051
GRANT,AR,04260,05053
GREENE,AR,04270,05055
HEMPSTEAD,AR,04280,05057
HOT SPRING,AR,04290,05059
HOWARD,AR,04300,05061
INDEPENDENCE,AR,04310,05063
IZARD,AR,04320,05065
JACKSON,AR,04330,05067
JEFFERSON,AR,04340,05069
JOHNSON,AR,04350,05071
LAFAYETTE,AR,04360,05073
LAWRENCE,AR,04370,05075
LEE,AR,04380,05077
LINCOLN,AR,04390,05079
LITTLE RIVER,AR,04400,05081
LOGAN,AR,04410,05083
LONOKE,AR,04420,05085
MADISON,AR,04430,05087
MARION,AR,04440,05089
MILLER,AR,04450,05091
MISSISSIPPI,AR,04460,05093
MONROE,AR,04470,05095
MONTGOMERY,AR,04480,05097
NEVADA,AR,04490,05099
NEWTON,AR,04500,05101
OUACHITA,AR,04510,05103
PERRY,AR,04520,05105
PHILLIPS,AR,04530,05107
PIKE,AR,04540,05109
POINSETT,AR,04550,05111
POLK,AR,04560,05113
POPE,AR,04570,05115
PRAIRIE,AR,04580,05117
PULASKI,AR,04590,05119
RANDOLPH,AR,04600,05121
ST. FRANCIS,AR,04610,05123
SALINE,AR,04620,05125
SCOTT,AR,04630,05127
SEARCY,AR,04640,05129
SEBASTIAN,AR,04650,05131
SEVIER,AR,04660,05133
SHARP,AR,04670,05135
STONE,AR,04680,05137
UNION,AR,04690,05139
VAN BUREN,AR,04700,05141
WASHINGTON,AR,04710,05143
WHITE,AR,04720,05145
WOODRUFF,AR,04730,05147
YELL,AR,04740,05149
STATEWIDE,AR,04999,05990
ALAMEDA,CA,05000,06001
ALPINE,CA,05010,06003
AMADOR,CA,05020,06005
BUTTE,CA,05030,06007
CALAVERAS,CA,05040,06009
COLUSA,CA,05050,06011
CONTRA COSTA,CA,05060,06013
DEL NORTE,CA,05070,06015
EL DORADO,CA,05080,06017
FRESNO,CA,05090,06019
GLENN,CA,05100,06021
HUMBOLDT,CA,05110,06023
IMPERIAL,CA,05120,06025
INYO,CA,05130,06027
KERN,CA,05140,06029
KINGS,CA,05150,06031
LAKE,CA,05160,06033
LASSEN,CA,05170,06035
LOS ANGELES,CA,05200,06037
LOS ANGELES,CA,05210,06037
MADERA,CA,05300,06039
MARIN,CA,05310,06041
MARIPOSA,CA,05320,06043
MENDOCINO,CA,05330,06045
MERCED,CA,05340,06047
MODOC,CA,05350,06049
MONO,CA,05360,06051
MONTEREY,CA,05370,06053
NAPA,CA,05380,06055
NEVADA,CA,05390,06057
ORANGE,CA,05400,06059
PLACER,CA,05410,06061
PLUMAS,CA,05420,06063
RIVERSIDE,CA,05430,06065
SACRAMENTO,CA,05440,06067
SAN BENITO,CA,05450,06069
SAN BERNARDINO,CA,05460,06071
SAN DIEGO,CA,05470,06073
SAN FRANCISCO,CA,05480,06075
SAN JOAQUIN,CA,05490,06077
SAN LUIS OBISPO,CA,05500,06079
SAN MATEO,CA,05510,06081
SANTA BARBARA,CA,05520,06083
SANTA CLARA,CA,05530,06085
SANTA CRUZ,CA,05540,06087
SHASTA,CA,05550,06089
SIERRA,CA,05560,06091
SISKIYOU,CA,05570,06093
SOLANO,CA,05580,06095
SONOMA,CA,05590,06097
STANISLAUS,CA,05600,06099
SUTTER,CA,05610,06101
TEHAMA,CA,05620,06103
TRINITY,CA,05630,06105
TULARE,CA,05640,06107
TUOLUMNE,CA,05650,06109
VENTURA,CA,05660,06111
YOLO,CA,05670,06113
YUBA,CA,05680,06115
STATEWIDE,CA,05999,06990
ADAMS,CO,06000,08001
ALAMOSA,CO,06010,08003
ARAPAHOE,CO,06020,08005
ARCHULETA,CO,06030,08007
BACA,CO,06040,08009
BENT,CO,06050,08011
BOULDER,CO,06060,08013
BROOMFIELD,CO,06630,08014
CHAFFEE,CO,06070,08015
CHEYENNE,CO,06080,08017
CLEAR CREEK,CO,06090,08019
CONEJOS,CO,06100,08021
COSTILLA,CO,06110,08023
CROWLEY,CO,06120,08025
CUSTER,CO,06130,08027
DELTA,CO,06140,08029
DENVER,CO,06150,08031
DOLORES,CO,06160,08033
DOUGLAS,CO,06170,08035
EAGLE,CO,06180,08037
ELBERT,CO,06190,08039
EL PASO,CO,06200,08041
FREMONT,CO,06210,08043
GARFIELD,CO,06220,08045
GILPIN,CO,06230,08047
GRAND,CO,06240,08049
GUNNISON,CO,06250,08051
HINSDALE,CO,06260,08053
HUERFANO,CO,06270,08055
JACKSON,CO,06280,08057
JEFFERSON,CO,06290,08059
KIOWA,CO,06300,08061
KIT CARSON,CO,06310,08063
LAKE,CO,06320,08065
LA PLATA,CO,06330,08067
LARIMER,CO,06340,08069
LAS ANIMAS,CO,06350,08071
LINCOLN,CO,06360,08073
LOGAN,CO,06370,08075
MESA,CO,06380,08077
MINERAL,CO,06390,08079
MOFFAT,CO,06400,08081
MONTEZUMA,CO,06410,08083
MONTROSE,CO,06420,08085
MORGAN,CO,06430,08087
OTERO,CO,06440,08089
OURAY,CO,06450,08091
PARK,CO,06460,08093
PHILLIPS,CO,06470,08095
PITKIN,CO,06480,08097
PROWERS,CO,06490,08099
PUEBLO,CO,06500,08101
RIO BLANCO,CO,06510,08103
RIO GRANDE,CO,06520,08105
ROUTT,CO,06530,08107
SAGUACHE,CO,06540,08109
SAN JUAN,CO,06550,08111
SAN MIGUEL,CO,06560,08113
SEDGWICK,CO,06570,08115
SUMMIT,CO,06580,08117
TELLER,CO,06590,08119
WASHINGTON,CO,06600,08121
WELD,CO,06610,08123
YUMA,CO,06620,08125
STATEWIDE,CO,06999,08990
FAIRFIELD,CT,07000,09001
HARTFORD,CT,07010,09003
LITCHFIELD,CT,07020,09005
MIDDLESEX,CT,07030,09007
NEW HAVEN,CT,07040,09009
NEW LONDON,CT,07050,09011
TOLLAND,CT,07060,09013
WINDHAM,CT,07070,09015
STATEWIDE,CT,07999,09990
KENT,DE,08000,10001
NEW CASTLE,DE,08010,10003
SUSSEX,DE,08020,10005
STATEWIDE,DE,08999,10990
THE DISTRICT,DC,09000,11001
ALACHUA,FL,10000,12001
BAKER,FL,10010,12003
BAY,FL,10020,12005
BRADFORD,FL,10030,12007
BREVARD,FL,10040,12009
BROWARD,FL,10050,12011
CALHOUN,FL,10060,12013
CHARLOTTE,FL,10070,12015
CITRUS,FL,10080,12017
CLAY,FL,10090,12019
COLLIER,FL,10100,12021
COLUMBIA,FL,10110,12023
DE SOTO,FL,10130,12027
DIXIE,FL,10140,12029
DUVAL,FL,10150,12031
ESCAMBIA,FL,10160,12033
FLAGLER,FL,10170,12035
FRANKLIN,FL,10180,12037
GADSDEN,FL,10190,12039
GILCHRIST,FL,10200,12041
GLADES,FL,10210,12043
GULF,FL,10220,12045
HAMILTON,FL,10230,12047
HARDEE,FL,10240,12049
HENDRY,FL,10250,12051
HERNANDO,FL,10260,12053
HIGHLANDS,FL,10270,12055
HILLSBOROUGH,FL,10280,12057
HOLMES,FL,10290,12059
INDIAN RIVER,FL,10300,12061
JACKSON,FL,10310,12063
JEFFERSON,FL,10320,12065
LAFAYETTE,FL,10330,12067
LAKE,FL,10340,12069
LEE,FL,10350,12071
LEON,FL,10360,12073
LEVY,FL,10370,12075
LIBERTY,FL,10380,12077
MADISON,FL,10390,12079
MANATEE,FL,10400,12081
MARION,FL,10410,12083
MARTIN,FL,10420,12085
MIAMI-DADE,FL,10120,12086
MONROE,FL,10430,12087
NASSAU,FL,10440,12089
OKALOOSA,FL,10450,12091
OKEECHOBEE,FL,10460,12093
ORANGE,FL,10470,12095
OSCEOLA,FL,10480,12097
PALM BEACH,FL,10490,12099
PASCO,FL,10500,12101
PINELLAS,FL,10510,12103
POLK,FL,10520,12105
PUTNAM,FL,10530,12107
ST. JOHNS,FL,10540,12109
ST. LUCIE,FL,10550,12111
SANTA ROSA,FL,10560,12113
SARASOTA,FL,10570,12115
SEMINOLE,FL,10580,12117
SUMTER,FL,10590,12119
SUWANNEE,FL,10600,12121
TAYLOR,FL,10610,12123
UNION,FL,10620,12125
VOLUSIA,FL,10630,12127
WAKULLA,FL,10640,12129
WALTON,FL,10650,12131
WASHINGTON,FL,10660,12133
STATEWIDE,FL,10999,12990
APPLING,GA,11000,13001
ATKINSON,GA,11010,13003
BACON,GA,11011,13005
BAKER,GA,11020,13007
BALDWIN,GA,11030,13009
BANKS,GA,11040,13011
BARROW,GA,11050,13013
BARTOW,GA,11060,13015
BEN HILL,GA,11070,13017
BERRIEN,GA,11080,13019
BIBB,GA,11090,13021
BLECKLEY,GA,11100,13023
BRANTLEY,GA,11110,13025
BROOKS,GA,11120,13027
BRYAN,GA,11130,13029
BULLOCH,GA,11140,13031
BURKE,GA,11150,13033
BUTTS,GA,11160,13035
CALHOUN,GA,11161,13037
CAMDEN,GA,11170,13039
CANDLER,GA,11180,13043
CARROLL,GA,11190,13045
CATOOSA,GA,11200,13047
CHARLTON,GA,11210,13049
CHATHAM,GA,11220,13051
CHATTAHOOCHEE,GA,11230,13053
CHATTOOGA,GA,11240,13055
CHEROKEE,GA,11250,13057
CLARKE,GA,11260,13059
CLAY,GA,11270,13061
CLAYTON,GA,11280,13063
CLINCH,GA,11281,13065
COBB,GA,11290,13067
COFFEE,GA,11291,13069
COLQUITT,GA,11300,13071
COLUMBIA,GA,11310,13073
COOK,GA,11311,13075
COWETA,GA,11320,13077
CRAWFORD,GA,11330,13079
CRISP,GA,11340,13081
DADE,GA,11341,13083
DAWSON,GA,11350,13085
DECATUR,GA,11360,13087
DE KALB,GA,11370,13089
DODGE,GA,11380,13091
DOOLY,GA,11381,13093
DOUGHERTY,GA,11390,13095
DOUGLAS,GA,11400,13097
EARLY,GA,11410,13099
ECHOLS,GA,11420,13101
EFFINGHAM,GA,11421,13103
ELBERT,GA,11430,13105
EMANUEL,GA,11440,13107
EVANS,GA,11441,13109
FANNIN,GA,11450,13111
FAYETTE,GA,11451,13113
FLOYD,GA,11460,13115
FORSYTH,GA,11461,13117
FRANKLIN,GA,11462,13119
FULTON,GA,11470,13121
GILMER,GA,11471,13123
GLASCOCK,GA,11480,13125
GLYNN,GA,11490,13127
GORDON,GA,11500,13129
GRADY,GA,11510,13131
GREENE,GA,11520,13133
GWINNETT,GA,11530,13135
HABERSHAM,GA,11540,13137
HALL,GA,11550,13139
HANCOCK,GA,11560,13141
HARALSON,GA,11570,13143
HARRIS,GA,11580,13145
HART,GA,11581,13147
HEARD,GA,11590,13149
HENRY,GA,11591,13151
HOUSTON,GA,11600,13153
IRWIN,GA,11601,13155
JACKSON,GA,11610,13157
JASPER,GA,11611,13159
JEFF DAVIS,GA,11612,13161
JEFFERSON,GA,11620,13163
JENKINS,GA,11630,13165
JOHNSON,GA,11640,13167
JONES,GA,11650,13169
LAMAR,GA,11651,13171
LANIER,GA,11652,13173
LAURENS,GA,11660,13175
LEE,GA,11670,13177
LIBERTY,GA,11680,13179
LINCOLN,GA,11690,13181
LONG,GA,11691,13183
LOWNDES,GA,11700,13185
LUMPKIN,GA,11701,13187
MC DUFFIE,GA,11702,13189
MC INTOSH,GA,11703,13191
MACON,GA,11710,13193
MADISON,GA,11720,13195
MARION,GA,11730,13197
MERIWETHER,GA,11740,13199
MILLER,GA,11741,13201
MITCHELL,GA,11750,13205
MONROE,GA,11760,13207
MONTGOMERY,GA,11770,13209
MORGAN,GA,11771,13211
MURRAY,GA,11772,13213
MUSCOGEE,GA,11780,13215
NEWTON,GA,11790,13217
OCONEE,GA,11800,13219
OGLETHORPE,GA,11801,13221
PAULDING,GA,11810,13223
PEACH,GA,11811,13225
PICKENS,GA,11812,13227
PIERCE,GA,11820,13229
PIKE,GA,11821,13231
POLK,GA,11830,13233
PULASKI,GA,11831,13235
PUTNAM,GA,11832,13237
QUITMAN,GA,11833,13239
RABUN,GA,11834,13241
RANDOLPH,GA,11835,13243
RICHMOND,GA,11840,13245
ROCKDALE,GA,11841,13247
SCHLEY,GA,11842,13249
SCREVEN,GA,11850,13251
SEMINOLE,GA,11851,13253
SPALDING,GA,11860,13255
STEPHENS,GA,11861,13257
STEWART,GA,11862,13259
SUMTER,GA,11870,13261
TALBOT,GA,11880,13263
TALIAFERRO,GA,11881,13265
TATTNALL,GA,11882,13267
TAYLOR,GA,11883,13269
TELFAIR,GA,11884,13271
TERRELL,GA,11885,13273
THOMAS,GA,11890,13275
TIFT,GA,11900,13277
TOOMBS,GA,11901,13279
TOWNS,GA,11902,13281
TREUTLEN,GA,11903,13283
TROUP,GA,11910,13285
TURNER,GA,11911,13287
TWIGGS,GA,11912,13289
UNION,GA,11913,13291
UPSON,GA,11920,13293
WALKER,GA,11921,13295
WALTON,GA,11930,13297
WARE,GA,11940,13299
WARREN,GA,11941,13301
WASHINGTON,GA,11950,13303
WAYNE,GA,11960,13305
WEBSTER,GA,11961,13307
WHEELER,GA,11962,13309
WHITE,GA,11963,13311
WHITFIELD,GA,11970,13313
WILCOX,GA,11971,13315
WILKES,GA,11972,13317
WILKINSON,GA,11973,13319
WORTH,GA,11980,13321
STATEWIDE,GA,11999,13990
HAWAII,HI,12010,15001
HONOLULU,HI,12020,15003
KALAWAO,HI,12005,15005
KAUAI,HI,12040,15007
MAUI,HI,12050,15009
STATEWIDE,HI,12999,15990
ADA,ID,13000,16001
ADAMS,ID,13010,16003
BANNOCK,ID,13020,16005
BEAR LAKE,ID,13030,16007
BENEWAH,ID,13040,16009
BINGHAM,ID,13050,16011
BLAINE,ID,13060,16013
BOISE,ID,13070,16015
BONNER,ID,13080,16017
BONNEVILLE,ID,13090,16019
BOUNDARY,ID,13100,16021
BUTTE,ID,13110,16023
CAMAS,ID,13120,16025
CANYON,ID,13130,16027
CARIBOU,ID,13140,16029
CASSIA,ID,13150,16031
CLARK,ID,13160,16033
CLEARWATER,ID,13170,16035
CUSTER,ID,13180,16037
ELMORE,ID,13190,16039
FRANKLIN,ID,13200,16041
FREMONT,ID,13210,16043
GEM,ID,13220,16045
GOODING,ID,13230,16047
IDAHO,ID,13240,16049
JEFFERSON,ID,13250,16051
JEROME,ID,13260,16053
KOOTENAI,ID,13270,16055
LATAH,ID,13280,16057
LEMHI,ID,13290,16059
LEWIS,ID,13300,16061
LINCOLN,ID,13310,16063
MADISON,ID,13320,16065
MINIDOKA,ID,13330,16067
NEZ PERCE,ID,13340,16069
ONEIDA,ID,13350,16071
OWYHEE,ID,13360,16073
PAYETTE,ID,13370,16075
POWER,ID,13380,16077
SHOSHONE,ID,13390,16079
TETON,ID,13400,16081
TWIN FALLS,ID,13410,16083
VALLEY,ID,13420,16085
WASHINGTON,ID,13430,16087
STATEWIDE,ID,13999,16990
ADAMS,IL,14000,17001
ALEXANDER,IL,14010,17003
BOND,IL,14020,17005
BOONE,IL,14030,17007
BROWN,IL,14040,17009
BUREAU,IL,14050,17011
CALHOUN,IL,14060,17013
CARROLL,IL,14070,17015
CASS,IL,14080,17017
CHAMPAIGN,IL,14090,17019
CHRISTIAN,IL,14100,17021
CLARK,IL,14110,17023
CLAY,IL,14120,17025
CLINTON,IL,14130,17027
COLES,IL,14140,17029
COOK,IL,14141,17031
CRAWFORD,IL,14150,17033
CUMBERLAND,IL,14160,17035
DE KALB,IL,14170,17037
DE WITT,IL,14180,17039
DOUGLAS,IL,14190,17041
DU PAGE,IL,14250,17043
EDGAR,IL,14310,17045
EDWARDS,IL,14320,17047
EFFINGHAM,IL,14330,17049
FAYETTE,IL,14340,17051
FORD,IL,14350,17053
FRANKLIN,IL,14360,17055
FULTON,IL,14370,17057
GALLATIN,IL,14380,17059
GREENE,IL,14390,17061
GRUNDY,IL,14400,17063
HAMILTON,IL,14410,17065
HANCOCK,IL,14420,17067
HARDIN,IL,14421,17069
HENDERSON,IL,14440,17071
HENRY,IL,14450,17073
IROQUOIS,IL,14460,17075
JACKSON,IL,14470,17077
JASPER,IL,14480,17079
JEFFERSON,IL,14490,17081
JERSEY,IL,14500,17083
JO DAVIESS,IL,14510,17085
JOHNSON,IL,14520,17087
KANE,IL,14530,17089
KANKAKEE,IL,14540,17091
KENDALL,IL,14550,17093
KNOX,IL,14560,17095
LAKE,IL,14570,17097
LA SALLE,IL,14580,17099
LAWRENCE,IL,14590,17101
LEE,IL,14600,17103
LIVINGSTON,IL,14610,17105
LOGAN,IL,14620,17107
MC DONOUGH,IL,14630,17109
MC HENRY,IL,14640,17111
MC LEAN,IL,14650,17113
MACON,IL,14660,17115
MACOUPIN,IL,14670,17117
MADISON,IL,14680,17119
MARION,IL,14690,17121
MARSHALL,IL,14700,17123
MASON,IL,14710,17125
MASSAC,IL,14720,17127
MENARD,IL,14730,17129
MERCER,IL,14740,17131
MONROE,IL,14750,17133
MONTGOMERY,IL,14760,17135
MORGAN,IL,14770,17137
MOULTRIE,IL,14780,17139
OGLE,IL,14790,17141
PEORIA,IL,14800,17143
PERRY,IL,14810,17145
PIATT,IL,14820,17147
PIKE,IL,14830,17149
POPE,IL,14831,17151
PULASKI,IL,14850,17153
PUTNAM,IL,14860,17155
RANDOLPH,IL,14870,17157
RICHLAND,IL,14880,17159
ROCK ISLAND,IL,14890,17161
ST. CLAIR,IL,14900,17163
SALINE,IL,14910,17165
SANGAMON,IL,14920,17167
SCHUYLER,IL,14921,17169
SCOTT,IL,14940,17171
SHELBY,IL,14950,17173
STARK,IL,14960,17175
STEPHENSON,IL,14970,17177
TAZEWELL,IL,14980,17179
UNION,IL,14981,17181
VERMILION,IL,14982,17183
WABASH,IL,14983,17185
WARREN,IL,14984,17187
WASHINGTON,IL,14985,17189
WAYNE,IL,14986,17191
WHITE,IL,14987,17193
WHITESIDE,IL,14988,17195
WILL,IL,14989,17197
WILLIAMSON,IL,14990,17199
WINNEBAGO,IL,14991,17201
WOODFORD,IL,14992,17203
STATEWIDE,IL,14999,17990
ADAMS,IN,15000,18001
ALLEN,IN,15010,18003
BARTHOLOMEW,IN,15020,18005
BENTON,IN,15030,18007
BLACKFORD,IN,15040,18009
BOONE,IN,15050,18011
BROWN,IN,15060,18013
CARROLL,IN,15070,18015
CASS,IN,15080,18017
CLARK,IN,15090,18019
CLAY,IN,15100,18021
CLINTON,IN,15110,18023
CRAWFORD,IN,15120,18025
DAVIESS,IN,15130,18027
DEARBORN,IN,15140,18029
DECATUR,IN,15150,18031
DE KALB,IN,15160,18033
DELAWARE,IN,15170,18035
DUBOIS,IN,15180,18037
ELKHART,IN,15190,18039
FAYETTE,IN,15200,18041
FLOYD,IN,15210,18043
FOUNTAIN,IN,15220,18045
FRANKLIN,IN,15230,18047
FULTON,IN,15240,18049
GIBSON,IN,15250,18051
GRANT,IN,15260,18053
GREENE,IN,15270,18055
HAMILTON,IN,15280,18057
HANCOCK,IN,15290,18059
HARRISON,IN,15300,18061
HENDRICKS,IN,15310,18063
HENRY,IN,15320,18065
HOWARD,IN,15330,18067
HUNTINGTON,IN,15340,18069
JACKSON,IN,15350,18071
JASPER,IN,15360,18073
JAY,IN,15370,18075
JEFFERSON,IN,15380,18077
JENNINGS,IN,15390,18079
JOHNSON,IN,15400,18081
KNOX,IN,15410,18083
KOSCIUSKO,IN,15420,18085
LAGRANGE,IN,15430,18087
LAKE,IN,15440,18089
LA PORTE,IN,15450,18091
LAWRENCE,IN,15460,18093
MADISON,IN,15470,18095
MARION,IN,15480,18097
MARSHALL,IN,15490,18099
MARTIN,IN,15500,18101
MIAMI,IN,15510,18103
MONROE,IN,15520,18105
MONTGOMERY,IN,15530,18107
MORGAN,IN,15540,18109
NEWTON,IN,15550,18111
NOBLE,IN,15560,18113
OHIO,IN,15570,18115
ORANGE,IN,15580,18117
OWEN,IN,15590,18119
PARKE,IN,15600,18121
PERRY,IN,15610,18123
PIKE,IN,15620,18125
PORTER,IN,15630,18127
POSEY,IN,15640,18129
PULASKI,IN,15650,18131
PUTNAM,IN,15660,18133
RANDOLPH,IN,15670,18135
RIPLEY,IN,15680,18137
RUSH,IN,15690,18139
ST. JOSEPH,IN,15700,18141
SCOTT,IN,15710,18143
SHELBY,IN,15720,18145
SPENCER,IN,15730,18147
STARKE,IN,15740,18149
STEUBEN,IN,15750,18151
SULLIVAN,IN,15760,18153
SWITZERLAND,IN,15770,18155
TIPPECANOE,IN,15780,18157
TIPTON,IN,15790,18159
UNION,IN,15800,18161
VANDERBURGH,IN,15810,18163
VERMILLION,IN,15820,18165
VIGO,IN,15830,18167
WABASH,IN,15840,18169
WARREN,IN,15850,18171
WARRICK,IN,15860,18173
WASHINGTON,IN,15870,18175
WAYNE,IN,15880,18177
WELLS,IN,15890,18179
WHITE,IN,15900,18181
WHITLEY,IN,15910,18183
STATEWIDE,IN,15999,18990
ADAIR,IA,16000,19001
ADAMS,IA,16010,19003
ALLAMAKEE,IA,16020,19005
APPANOOSE,IA,16030,19007
AUDUBON,IA,16040,19009
BENTON,IA,16050,19011
BLACK HAWK,IA,16060,19013
BOONE,IA,16070,19015
BREMER,IA,16080,19017
BUCHANAN,IA,16090,19019
BUENA VISTA,IA,16100,19021
BUTLER,IA,16110,19023
CALHOUN,IA,16120,19025
CARROLL,IA,16130,19027
CASS,IA,16140,19029
CEDAR,IA,16150,19031
CERRO GORDO,IA,16160,19033
CHEROKEE,IA,16170,19035
CHICKASAW,IA,16180,19037
CLARKE,IA,16190,19039
CLAY,IA,16200,19041
CLAYTON,IA,16210,19043
CLINTON,IA,16220,19045
CRAWFORD,IA,16230,19047
DALLAS,IA,16240,19049
DAVIS,IA,16250,19051
DECATUR,IA,16260,19053
DELAWARE,IA,16270,19055
DES MOINES,IA,16280,19057
DICKINSON,IA,16290,19059
DUBUQUE,IA,16300,19061
EMMET,IA,16310,19063
FAYETTE,IA,16320,19065
FLOYD,IA,16330,19067
FRANKLIN,IA,16340,19069
FREMONT,IA,16350,19071
GREENE,IA,16360,19073
GRUNDY,IA,16370,19075
GUTHRIE,IA,16380,19077
HAMILTON,IA,16390,19079
HANCOCK,IA,16400,19081
HARDIN,IA,16410,19083
HARRISON,IA,16420,19085
HENRY,IA,16430,19087
HOWARD,IA,16440,19089
HUMBOLDT,IA,16450,19091
IDA,IA,16460,19093
IOWA,IA,16470,19095
JACKSON,IA,16480,19097
JASPER,IA,16490,19099
JEFFERSON,IA,16500,19101
JOHNSON,IA,16510,19103
JONES,IA,16520,19105
KEOKUK,IA,16530,19107
KOSSUTH,IA,16540,19109
LEE,IA,16550,19111
LINN,IA,16560,19113
LOUISA,IA,16570,19115
LUCAS,IA,16580,19117
LYON,IA,16590,19119
MADISON,IA,16600,19121
MAHASKA,IA,16610,19123
MARION,IA,16620,19125
MARSHALL,IA,16630,19127
MILLS,IA,16640,19129
MITCHELL,IA,16650,19131
MONONA,IA,16660,19133
MONROE,IA,16670,19135
MONTGOMERY,IA,16680,19137
MUSCATINE,IA,16690,19139
OBRIEN,IA,16700,19141
OSCEOLA,IA,16710,19143
PAGE,IA,16720,19145
PALO ALTO,IA,16730,19147
PLYMOUTH,IA,16740,19149
POCAHONTAS,IA,16750,19151
POLK,IA,16760,19153
POTTAWATTAMIE,IA,16770,19155
POWESHIEK,IA,16780,19157
RINGGOLD,IA,16790,19159
SAC,IA,16800,19161
SCOTT,IA,16810,19163
SHELBY,IA,16820,19165
SIOUX,IA,16830,19167
STORY,IA,16840,19169
TAMA,IA,16850,19171
TAYLOR,IA,16860,19173
UNION,IA,16870,19175
VAN BUREN,IA,16880,19177
WAPELLO,IA,16890,19179
WARREN,IA,16900,19181
WASHINGTON,IA,16910,19183
WAYNE,IA,16920,19185
WEBSTER,IA,16930,19187
WINNEBAGO,IA,16940,19189
WINNESHIEK,IA,16950,19191
WOODBURY,IA,16960,19193
WORTH,IA,16970,19195
WRIGHT,IA,16980,19197
STATEWIDE,IA,16999,19990
ALLEN,KS,17000,20001
ANDERSON,KS,17010,20003
ATCHISON,KS,17020,20005
BARBER,KS,17030,20007
BARTON,KS,17040,20009
BOURBON,KS,17050,20011
BROWN,KS,17060,20013
BUTLER,KS,17070,20015
CHASE,KS,17080,20017
CHAUTAUQUA,KS,17090,20019
CHEROKEE,KS,17100,20021
CHEYENNE,KS,17110,20023
CLARK,KS,17120,20025
CLAY,KS,17130,20027
CLOUD,KS,17140,20029
COFFEY,KS,17150,20031
COMANCHE,KS,17160,20033
COWLEY,KS,17170,20035
CRAWFORD,KS,17180,20037
DECATUR,KS,17190,20039
DICKINSON,KS,17200,20041
DONIPHAN,KS,17210,20043
DOUGLAS,KS,17220,20045
EDWARDS,KS,17230,20047
ELK,KS,17240,20049
ELLIS,KS,17250,20051
ELLSWORTH,KS,17260,20053
FINNEY,KS,17270,20055
FORD,KS,17280,20057
FRANKLIN,KS,17290,20059
GEARY,KS,17300,20061
GOVE,KS,17310,20063
GRAHAM,KS,17320,20065
GRANT,KS,17330,20067
GRAY,KS,17340,20069
GREELEY,KS,17350,20071
GREENWOOD,KS,17360,20073
HAMILTON,KS,17370,20075
HARPER,KS,17380,20077
HARVEY,KS,17390,20079
HASKELL,KS,17391,20081
HODGEMAN,KS,17410,20083
JACKSON,KS,17420,20085
JEFFERSON,KS,17430,20087
JEWELL,KS,17440,20089
JOHNSON,KS,17450,20091
KEARNY,KS,17451,20093
KINGMAN,KS,17470,20095
KIOWA,KS,17480,20097
LABETTE,KS,17490,20099
LANE,KS,17500,20101
LEAVENWORTH,KS,17510,20103
LINCOLN,KS,17520,20105
LINN,KS,17530,20107
LOGAN,KS,17540,20109
LYON,KS,17550,20111
MCPHERSON,KS,17560,20113
MARION,KS,17570,20115
MARSHALL,KS,17580,20117
MEADE,KS,17590,20119
MIAMI,KS,17600,20121
MITCHELL,KS,17610,20123
MONTGOMERY,KS,17620,20125
MORRIS,KS,17630,20127
MORTON,KS,17640,20129
NEMAHA,KS,17650,20131
NEOSHO,KS,17660,20133
NESS,KS,17670,20135
NORTON,KS,17680,20137
OSAGE,KS,17690,20139
OSBORNE,KS,17700,20141
OTTAWA,KS,17710,20143
PAWNEE,KS,17720,20145
PHILLIPS,KS,17730,20147
POTTAWATOMIE,KS,17740,20149
PRATT,KS,17750,20151
RAWLINS,KS,17760,20153
RENO,KS,17770,20155
REPUBLIC,KS,17780,20157
RICE,KS,17790,20159
RILEY,KS,17800,20161
ROOKS,KS,17810,20163
RUSH,KS,17820,20165
RUSSELL,KS,17830,20167
SALINE,KS,17840,20169
SCOTT,KS,17841,20171
SEDGWICK,KS,17860,20173
SEWARD,KS,17870,20175
SHAWNEE,KS,17880,20177
SHERIDAN,KS,17890,20179
SHERMAN,KS,17900,20181
SMITH,KS,17910,20183
STAFFORD,KS,17920,20185
STANTON,KS,17921,20187
STEVENS,KS,17940,20189
SUMNER,KS,17950,20191
THOMAS,KS,17960,20193
TREGO,KS,17970,20195
WABAUNSEE,KS,17980,20197
WALLACE,KS,17981,20199
WASHINGTON,KS,17982,20201
WICHITA,KS,17983,20203
WILSON,KS,17984,20205
WOODSON,KS,17985,20207
WYANDOTTE,KS,17986,20209
STATEWIDE,KS,17999,20990
ADAIR,KY,18000,21001
ALLEN,KY,18010,21003
ANDERSON,KY,18020,21005
BALLARD,KY,18030,21007
BARREN,KY,18040,21009
BATH,KY,18050,21011
BELL,KY,18060,21013
BOONE,KY,18070,21015
BOURBON,KY,18080,21017
BOYD,KY,18090,21019
BOYLE,KY,18100,21021
BRACKEN,KY,18110,21023
BREATHITT,KY,18120,21025
BRECKINRIDGE,KY,18130,21027
BULLITT,KY,18140,21029
BUTLER,KY,18150,21031
CALDWELL,KY,18160,21033
CALLOWAY,KY,18170,21035
CAMPBELL,KY,18180,21037
CARLISLE,KY,18190,21039
CARROLL,KY,18191,21041
CARTER,KY,18210,21043
CASEY,KY,18220,21045
CHRISTIAN,KY,18230,21047
CLARK,KY,18240,21049
CLAY,KY,18250,21051
CLINTON,KY,18260,21053
CRITTENDEN,KY,18270,21055
CUMBERLAND,KY,18271,21057
DAVIESS,KY,18290,21059
EDMONSON,KY,18291,21061
ELLIOTT,KY,18310,21063
ESTILL,KY,18320,21065
FAYETTE,KY,18330,21067
FLEMING,KY,18340,21069
FLOYD,KY,18350,21071
FRANKLIN,KY,18360,21073
FULTON,KY,18361,21075
GALLATIN,KY,18362,21077
GARRARD,KY,18390,21079
GRANT,KY,18400,21081
GRAVES,KY,18410,21083
GRAYSON,KY,18420,21085
GREEN,KY,18421,21087
GREENUP,KY,18440,21089
HANCOCK,KY,18450,21091
HARDIN,KY,18460,21093
HARLAN,KY,18470,21095
HARRISON,KY,18480,21097
HART,KY,18490,21099
HENDERSON,KY,18500,21101
HENRY,KY,18510,21103
HICKMAN,KY,18511,21105
HOPKINS,KY,18530,21107
JACKSON,KY,18540,21109
JEFFERSON,KY,18550,21111
JESSAMINE,KY,18560,21113
JOHNSON,KY,18570,21115
KENTON,KY,18580,21117
KNOTT,KY,18590,21119
KNOX,KY,18600,21121
LARUE,KY,18610,21123
LAUREL,KY,18620,21125
LAWRENCE,KY,18630,21127
LEE,KY,18640,21129
LESLIE,KY,18650,21131
LETCHER,KY,18660,21133
LEWIS,KY,18670,21135
LINCOLN,KY,18680,21137
LIVINGSTON,KY,18690,21139
LOGAN,KY,18700,21141
LYON,KY,18710,21143
MC CRACKEN,KY,18720,21145
MC CREARY,KY,18730,21147
MC LEAN,KY,18740,21149
MADISON,KY,18750,21151
MAGOFFIN,KY,18760,21153
MARION,KY,18770,21155
MARSHALL,KY,18780,21157
MARTIN,KY,18790,21159
MASON,KY,18800,21161
MEADE,KY,18801,21163
MENIFEE,KY,18802,21165
MERCER,KY,18830,21167
METCALFE,KY,18831,21169
MONROE,KY,18850,21171
MONTGOMERY,KY,18860,21173
MORGAN,KY,18861,21175
MUHLENBERG,KY,18880,21177
NELSON,KY,18890,21179
NICHOLAS,KY,18900,21181
OHIO,KY,18910,21183
OLDHAM,KY,18920,21185
OWEN,KY,18930,21187
OWSLEY,KY,18931,21189
PENDLETON,KY,18932,21191
PERRY,KY,18960,21193
PIKE,KY,18970,21195
POWELL,KY,18971,21197
PULASKI,KY,18972,21199
ROBERTSON,KY,18973,21201
ROCKCASTLE,KY,18974,21203
ROWAN,KY,18975,21205
RUSSELL,KY,18976,21207
SCOTT,KY,18977,21209
SHELBY,KY,18978,21211
SIMPSON,KY,18979,21213
SPENCER,KY,18980,21215
TAYLOR,KY,18981,21217
TODD,KY,18982,21219
TRIGG,KY,18983,21221
TRIMBLE,KY,18984,21223
UNION,KY,18985,21225
WARREN,KY,18986,21227
WASHINGTON,KY,18987,21229
WAYNE,KY,18988,21231
WEBSTER,KY,18989,21233
WHITLEY,KY,18990,21235
WOLFE,KY,18991,21237
WOODFORD,KY,18992,21239
STATEWIDE,KY,18999,21990
ACADIA,LA,19000,22001
ALLEN,LA,19010,22003
ASCENSION,LA,19020,22005
ASSUMPTION,LA,19030,22007
AVOYELLES,LA,19040,22009
BEAUREGARD,LA,19050,22011
BIENVILLE,LA,19060,22013
BOSSIER,LA,19070,22015
CADDO,LA,19080,22017
CALCASIEU,LA,19090,22019
CALDWELL,LA,19100,22021
CAMERON,LA,19110,22023
CATAHOULA,LA,19120,22025
CLAIBORNE,LA,19130,22027
CONCORDIA,LA,19140,22029
DE SOTO,LA,19150,22031
E. BATON ROUGE,LA,19160,22033
EAST CARROLL,LA,19170,22035
EAST FELICIANA,LA,19180,22037
EVANGELINE,LA,19190,22039
FRANKLIN,LA,19200,22041
GRANT,LA,19210,22043
IBERIA,LA,19220,22045
IBERVILLE,LA,19230,22047
JACKSON,LA,19240,22049
JEFFERSON,LA,19250,22051
JEFFRSON DAVIS,LA,19260,22053
LAFAYETTE,LA,19270,22055
LAFOURCHE,LA,19280,22057
LA SALLE,LA,19290,22059
LINCOLN,LA,19300,22061
LIVINGSTON,LA,19310,22063
MADISON,LA,19320,22065
MOREHOUSE,LA,19330,22067
NATCHITOCHES,LA,19340,22069
ORLEANS,LA,19350,22071
OUACHITA,LA,19360,22073
PLAQUEMINES,LA,19370,22075
POINTE COUPEE,LA,19380,22077
RAPIDES,LA,19390,22079
RED RIVER,LA,19400,22081
RICHLAND,LA,19410,22083
SABINE,LA,19420,22085
ST. BERNARD,LA,19430,22087
ST. CHARLES,LA,19440,22089
ST. HELENA,LA,19450,22091
ST. JAMES,LA,19460,22093
ST. JOHN BAPTIST,LA,19470,22095
ST. LANDRY,LA,19480,22097
ST. MARTIN,LA,19490,22099
ST. MARY,LA,19500,22101
ST. TAMMANY,LA,19510,22103
TANGIPAHOA,LA,19520,22105
TENSAS,LA,19530,22107
TERREBONNE,LA,19540,22109
UNION,LA,19550,22111
VERMILION,LA,19560,22113
VERNON,LA,19570,22115
WASHINGTON,LA,19580,22117
WEBSTER,LA,19590,22119
W. BATON ROUGE,LA,19600,22121
WEST CARROLL,LA,19610,22123
WEST FELICIANA,LA,19620,22125
WINN,LA,19630,22127
STATEWIDE,LA,19999,22990
ANDROSCOGGIN,ME,20000,23001
AROOSTOOK,ME,20010,23003
CUMBERLAND,ME,20020,23005
FRANKLIN,ME,20030,23007
HANCOCK,ME,20040,23009
KENNEBEC,ME,20050,23011
KNOX,ME,20060,23013
LINCOLN,ME,20070,23015
OXFORD,ME,20080,23017
PENOBSCOT,ME,20090,23019
PISCATAQUIS,ME,20100,23021
SAGADAHOC,ME,20110,23023
SOMERSET,ME,20120,23025
WALDO,ME,20130,23027
WASHINGTON,ME,20140,23029
YORK,ME,20150,23031
STATEWIDE,ME,20999,23990
ALLEGANY,MD,21000,24001
ANNE ARUNDEL,MD,21010,24003
BALTIMORE,MD,21020,24005
CALVERT,MD,21040,24009
CAROLINE,MD,21050,24011
CARROLL,MD,21060,24013
CECIL,MD,21070,24015
CHARLES,MD,21080,24017
DORCHESTER,MD,21090,24019
FREDERICK,MD,21100,24021
GARRETT,MD,21110,24023
HARFORD,MD,21120,24025
HOWARD,MD,21130,24027
KENT,MD,21140,24029
MONTGOMERY,MD,21150,24031
PRINCE GEORGES,MD,21160,24033
QUEEN ANNES,MD,21170,24035
ST. MARYS,MD,21180,24037
SOMERSET,MD,21190,24039
TALBOT,MD,21200,24041
WASHINGTON,MD,21210,24043
WICOMICO,MD,21220,24045
WORCESTER,MD,21230,24047
BALTIMORE CITY,MD,21030,24510
STATEWIDE,MD,21999,24990
BARNSTABLE,MA,22000,25001
BERKSHIRE,MA,22010,25003
BRISTOL,MA,22020,25005
DUKES,MA,22030,25007
ESSEX,MA,22040,25009
FRANKLIN,MA,22060,25011
HAMPDEN,MA,22070,25013
HAMPSHIRE,MA,22080,25015
MIDDLESEX,MA,22090,25017
NANTUCKET,MA,22120,25019
NORFOLK,MA,22130,25021
PLYMOUTH,MA,22150,25023
SUFFOLK,MA,22160,25025
WORCESTER,MA,22170,25027
STATEWIDE,MA,22999,25990
ALCONA,MI,23000,26001
ALGER,MI,23010,26003
ALLEGAN,MI,23020,26005
ALPENA,MI,23030,26007
ANTRIM,MI,23040,26009
ARENAC,MI,23050,26011
BARAGA,MI,23060,26013
BARRY,MI,23070,26015
BAY,MI,23080,26017
BENZIE,MI,23090,26019
BERRIEN,MI,23100,26021
BRANCH,MI,23110,26023
CALHOUN,MI,23120,26025
CASS,MI,23130,26027
CHARLEVOIX,MI,23140,26029
CHEBOYGAN,MI,23150,26031
CHIPPEWA,MI,23160,26033
CLARE,MI,23170,26035
CLINTON,MI,23180,26037
CRAWFORD,MI,23190,26039
DELTA,MI,23200,26041
DICKINSON,MI,23210,26043
EATON,MI,23220,26045
EMMET,MI,23230,26047
GENESEE,MI,23240,26049
GLADWIN,MI,23250,26051
GOGEBIC,MI,23260,26053
GRAND TRAVERSE,MI,23270,26055
GRATIOT,MI,23280,26057
HILLSDALE,MI,23290,26059
HOUGHTON,MI,23300,26061
HURON,MI,23310,26063
INGHAM,MI,23320,26065
IONIA,MI,23330,26067
IOSCO,MI,23340,26069
IRON,MI,23350,26071
ISABELLA,MI,23360,26073
JACKSON,MI,23370,26075
KALAMAZOO,MI,23380,26077
KALKASKA,MI,23390,26079
KENT,MI,23400,26081
KEWEENAW,MI,23410,26083
LAKE,MI,23420,26085
LAPEER,MI,23430,26087
LEELANAU,MI,23440,26089
LENAWEE,MI,23450,26091
LIVINGSTON,MI,23460,26093
LUCE,MI,23470,26095
MACKINAC,MI,23480,26097
MACOMB,MI,23490,26099
MANISTEE,MI,23500,26101
MARQUETTE,MI,23510,26103
MASON,MI,23520,26105
MECOSTA,MI,23530,26107
MENOMINEE,MI,23540,26109
MIDLAND,MI,23550,26111
MISSAUKEE,MI,23560,26113
MONROE,MI,23570,26115
MONTCALM,MI,23580,26117
MONTMORENCY,MI,23590,26119
MUSKEGON,MI,23600,26121
NEWAYGO,MI,23610,26123
OAKLAND,MI,23620,26125
OCEANA,MI,23630,26127
OGEMAW,MI,23640,26129
ONTONAGON,MI,23650,26131
OSCEOLA,MI,23660,26133
OSCODA,MI,23670,26135
OTSEGO,MI,23680,26137
OTTAWA,MI,23690,26139
PRESQUE ISLE,MI,23700,26141
ROSCOMMON,MI,23710,26143
SAGINAW,MI,23720,26145
ST. CLAIR,MI,23730,26147
ST. JOSEPH,MI,23740,26149
SANILAC,MI,23750,26151
SCHOOLCRAFT,MI,23760,26153
SHIAWASSEE,MI,23770,26155
TUSCOLA,MI,23780,26157
VAN BUREN,MI,23790,26159
WASHTENAW,MI,23800,26161
WAYNE,MI,23810,26163
WEXFORD,MI,23830,26165
STATEWIDE,MI,23999,26990
AITKIN,MN,24000,27001
ANOKA,MN,24010,27003
BECKER,MN,24020,27005
BELTRAMI,MN,24030,27007
BENTON,MN,24040,27009
BIG STONE,MN,24050,27011
BLUE EARTH,MN,24060,27013
BROWN,MN,24070,27015
CARLTON,MN,24080,27017
CARVER,MN,24090,27019
CASS,MN,24100,27021
CHIPPEWA,MN,24110,27023
CHISAGO,MN,24120,27025
CLAY,MN,24130,27027
CLEARWATER,MN,24140,27029
COOK,MN,24150,27031
COTTONWOOD,MN,24160,27033
CROW WING,MN,24170,27035
DAKOTA,MN,24180,27037
DODGE,MN,24190,27039
DOUGLAS,MN,24200,27041
FARIBAULT,MN,24210,27043
FILLMORE,MN,24220,27045
FREEBORN,MN,24230,27047
GOODHUE,MN,24240,27049
GRANT,MN,24250,27051
HENNEPIN,MN,24260,27053
HOUSTON,MN,24270,27055
HUBBARD,MN,24280,27057
ISANTI,MN,24290,27059
ITASCA,MN,24300,27061
JACKSON,MN,24310,27063
KANABEC,MN,24320,27065
KANDIYOHI,MN,24330,27067
KITTSON,MN,24340,27069
KOOCHICHING,MN,24350,27071
LAC QUI PARLE,MN,24360,27073
LAKE,MN,24370,27075
LAKE OF  WOODS,MN,24380,27077
LE SUEUR,MN,24390,27079
LINCOLN,MN,24400,27081
LYON,MN,24410,27083
MC LEOD,MN,24420,27085
MAHNOMEN,MN,24430,27087
MARSHALL,MN,24440,27089
MARTIN,MN,24450,27091
MEEKER,MN,24460,27093
MILLE LACS,MN,24470,27095
MORRISON,MN,24480,27097
MOWER,MN,24490,27099
MURRAY,MN,24500,27101
NICOLLET,MN,24510,27103
NOBLES,MN,24520,27105
NORMAN,MN,24530,27107
OLMSTED,MN,24540,27109
OTTER TAIL,MN,24550,27111
PENNINGTON,MN,24560,27113
PINE,MN,24570,27115
PIPESTONE,MN,24580,27117
POLK,MN,24590,27119
POPE,MN,24600,27121
RAMSEY,MN,24610,27123
RED LAKE,MN,24620,27125
REDWOOD,MN,24630,27127
RENVILLE,MN,24640,27129
RICE,MN,24650,27131
ROCK,MN,24660,27133
ROSEAU,MN,24670,27135
ST. LOUIS,MN,24680,27137
SCOTT,MN,24690,27139
SHERBURNE,MN,24700,27141
SIBLEY,MN,24710,27143
STEARNS,MN,24720,27145
STEELE,MN,24730,27147
STEVENS,MN,24740,27149
SWIFT,MN,24750,27151
TODD,MN,24760,27153
TRAVERSE,MN,24770,27155
WABASHA,MN,24780,27157
WADENA,MN,24790,27159
WASECA,MN,24800,27161
WASHINGTON,MN,24810,27163
WATONWAN,MN,24820,27165
WILKIN,MN,24830,27167
WINONA,MN,24840,27169
WRIGHT,MN,24850,27171
YELLOW MEDCINE,MN,24860,27173
STATEWIDE,MN,24999,27990
ADAMS,MS,25000,28001
ALCORN,MS,25010,28003
AMITE,MS,25020,28005
ATTALA,MS,25030,28007
BENTON,MS,25040,28009
BOLIVAR,MS,25050,28011
CALHOUN,MS,25060,28013
CARROLL,MS,25070,28015
CHICKASAW,MS,25080,28017
CHOCTAW,MS,25090,28019
CLAIBORNE,MS,25100,28021
CLARKE,MS,25110,28023
CLAY,MS,25120,28025
COAHOMA,MS,25130,28027
COPIAH,MS,25140,28029
COVINGTON,MS,25150,28031
DE SOTO,MS,25160,28033
FORREST,MS,25170,28035
FRANKLIN,MS,25180,28037
GEORGE,MS,25190,28039
GREENE,MS,25200,28041
GRENADA,MS,25210,28043
HANCOCK,MS,25220,28045
HARRISON,MS,25230,28047
HINDS,MS,25240,28049
HOLMES,MS,25250,28051
HUMPHREYS,MS,25260,28053
ISSAQUENA,MS,25270,28055
ITAWAMBA,MS,25280,28057
JACKSON,MS,25290,28059
JASPER,MS,25300,28061
JEFFERSON,MS,25310,28063
JEFFERSON DAVIS,MS,25320,28065
JONES,MS,25330,28067
KEMPER,MS,25340,28069
LAFAYETTE,MS,25350,28071
LAMAR,MS,25360,28073
LAUDERDALE,MS,25370,28075
LAWRENCE,MS,25380,28077
LEAKE,MS,25390,28079
LEE,MS,25400,28081
LEFLORE,MS,25410,28083
LINCOLN,MS,25420,28085
LOWNDES,MS,25430,28087
MADISON,MS,25440,28089
MARION,MS,25450,28091
MARSHALL,MS,25460,28093
MONROE,MS,25470,28095
MONTGOMERY,MS,25480,28097
NESHOBA,MS,25490,28099
NEWTON,MS,25500,28101
NOXUBEE,MS,25510,28103
OKTIBBEHA,MS,25520,28105
PANOLA,MS,25530,28107
PEARL RIVER,MS,25540,28109
PERRY,MS,25550,28111
PIKE,MS,25560,28113
PONTOTOC,MS,25570,28115
PRENTISS,MS,25580,28117
QUITMAN,MS,25590,28119
RANKIN,MS,25600,28121
SCOTT,MS,25610,28123
SHARKEY,MS,25620,28125
SIMPSON,MS,25630,28127
SMITH,MS,25640,28129
STONE,MS,25650,28131
SUNFLOWER,MS,25660,28133
TALLAHATCHIE,MS,25670,28135
TATE,MS,25680,28137
TIPPAH,MS,25690,28139
TISHOMINGO,MS,25700,28141
TUNICA,MS,25710,28143
UNION,MS,25720,28145
WALTHALL,MS,25730,28147
WARREN,MS,25740,28149
WASHINGTON,MS,25750,28151
WAYNE,MS,25760,28153
WEBSTER,MS,25770,28155
WILKINSON,MS,25780,28157
WINSTON,MS,25790,28159
YALOBUSHA,MS,25800,28161
YAZOO,MS,25810,28163
STATEWIDE,MS,25999,28990
ADAIR,MO,26000,29001
ANDREW,MO,26010,29003
ATCHISON,MO,26020,29005
AUDRAIN,MO,26030,29007
BARRY,MO,26040,29009
BARTON,MO,26050,29011
BATES,MO,26060,29013
BENTON,MO,26070,29015
BOLLINGER,MO,26080,29017
BOONE,MO,26090,29019
BUCHANAN,MO,26100,29021
BUTLER,MO,26110,29023
CALDWELL,MO,26120,29025
CALLAWAY,MO,26130,29027
CAMDEN,MO,26140,29029
CAPE GIRARDEAU,MO,26150,29031
CARROLL,MO,26160,29033
CARTER,MO,26170,29035
CASS,MO,26180,29037
CEDAR,MO,26190,29039
CHARITON,MO,26200,29041
CHRISTIAN,MO,26210,29043
CLARK,MO,26220,29045
CLAY,MO,26230,29047
CLINTON,MO,26240,29049
COLE,MO,26250,29051
COOPER,MO,26260,29053
CRAWFORD,MO,26270,29055
DADE,MO,26280,29057
DALLAS,MO,26290,29059
DAVIESS,MO,26300,29061
DE KALB,MO,26310,29063
DENT,MO,26320,29065
DOUGLAS,MO,26330,29067
DUNKLIN,MO,26340,29069
FRANKLIN,MO,26350,29071
GASCONADE,MO,26360,29073
GENTRY,MO,26370,29075
GREENE,MO,26380,29077
GRUNDY,MO,26390,29079
HARRISON,MO,26400,29081
HENRY,MO,26410,29083
HICKORY,MO,26411,29085
HOLT,MO,26412,29087
HOWARD,MO,26440,29089
HOWELL,MO,26450,29091
IRON,MO,26460,29093
JACKSON,MO,26470,29095
JASPER,MO,26480,29097
JEFFERSON,MO,26490,29099
JOHNSON,MO,26500,29101
KNOX,MO,26510,29103
LACLEDE,MO,26520,29105
LAFAYETTE,MO,26530,29107
LAWRENCE,MO,26540,29109
LEWIS,MO,26541,29111
LINCOLN,MO,26560,29113
LINN,MO,26570,29115
LIVINGSTON,MO,26580,29117
MC DONALD,MO,26590,29119
MACON,MO,26600,29121
MADISON,MO,26601,29123
MARIES,MO,26620,29125
MARION,MO,26630,29127
MERCER,MO,26631,29129
MILLER,MO,26650,29131
MISSISSIPPI,MO,26660,29133
MONITEAU,MO,26670,29135
MONROE,MO,26680,29137
MONTGOMERY,MO,26690,29139
MORGAN,MO,26700,29141
NEW MADRID,MO,26710,29143
NEWTON,MO,26720,29145
NODAWAY,MO,26730,29147
OREGON,MO,26740,29149
OSAGE,MO,26750,29151
OZARK,MO,26751,29153
PEMISCOT,MO,26770,29155
PERRY,MO,26780,29157
PETTIS,MO,26790,29159
PHELPS,MO,26800,29161
PIKE,MO,26810,29163
PLATTE,MO,26820,29165
POLK,MO,26821,29167
PULASKI,MO,26840,29169
PUTNAM,MO,26850,29171
RALLS,MO,26860,29173
RANDOLPH,MO,26870,29175
RAY,MO,26880,29177
REYNOLDS,MO,26881,29179
RIPLEY,MO,26900,29181
ST. CHARLES,MO,26910,29183
ST. CLAIR,MO,26911,29185
STE. GENEVIEVE,MO,26960,29186
ST. FRANCOIS,MO,26930,29187
ST. LOUIS,MO,26940,29189
SALINE,MO,26970,29195
SCHUYLER,MO,26980,29197
SCOTLAND,MO,26981,29199
SCOTT,MO,26982,29201
SHANNON,MO,26983,29203
SHELBY,MO,26984,29205
STODDARD,MO,26985,29207
STONE,MO,26986,29209
SULLIVAN,MO,26987,29211
TANEY,MO,26988,29213
TEXAS,MO,26989,29215
VERNON,MO,26990,29217
WARREN,MO,26991,29219
WASHINGTON,MO,26992,29221
WAYNE,MO,26993,29223
WEBSTER,MO,26994,29225
WORTH,MO,26995,29227
WRIGHT,MO,26996,29229
ST. LOUIS CITY,MO,26950,29510
STATEWIDE,MO,26999,29990
BEAVERHEAD,MT,27000,30001
BIG HORN,MT,27010,30003
BLAINE,MT,27020,30005
BROADWATER,MT,27030,30007
CARBON,MT,27040,30009
CARTER,MT,27050,30011
CASCADE,MT,27060,30013
CHOUTEAU,MT,27070,30015
CUSTER,MT,27080,30017
DANIELS,MT,27090,30019
DAWSON,MT,27100,30021
DEER LODGE,MT,27110,30023
FALLON,MT,27120,30025
FERGUS,MT,27130,30027
FLATHEAD,MT,27140,30029
GALLATIN,MT,27150,30031
GARFIELD,MT,27160,30033
GLACIER,MT,27170,30035
GOLDEN VALLEY,MT,27180,30037
GRANITE,MT,27190,30039
HILL,MT,27200,30041
JEFFERSON,MT,27210,30043
JUDITH BASIN,MT,27220,30045
LAKE,MT,27230,30047
LEWIS AND CLARK,MT,27240,30049
LIBERTY,MT,27250,30051
LINCOLN,MT,27260,30053
MCCONE,MT,27270,30055
MADISON,MT,27280,30057
MEAGHER,MT,27290,30059
MINERAL,MT,27300,30061
MISSOULA,MT,27310,30063
MUSSELSHELL,MT,27320,30065
PARK,MT,27330,30067
PETROLEUM,MT,27340,30069
PHILLIPS,MT,27350,30071
PONDERA,MT,27360,30073
POWDER RIVER,MT,27370,30075
POWELL,MT,27380,30077
PRAIRIE,MT,27390,30079
RAVALLI,MT,27400,30081
RICHLAND,MT,27410,30083
ROOSEVELT,MT,27420,30085
ROSEBUD,MT,27430,30087
SANDERS,MT,27440,30089
SHERIDAN,MT,27450,30091
SILVER BOW,MT,27460,30093
STILLWATER,MT,27470,30095
SWEET GRASS,MT,27480,30097
TETON,MT,27490,30099
TOOLE,MT,27500,30101
TREASURE,MT,27510,30103
VALLEY,MT,27520,30105
WHEATLAND,MT,27530,30107
WIBAUX,MT,27540,30109
YELLOWSTONE,MT,27550,30111
STATEWIDE,MT,27999,30990
ADAMS,NE,28000,31001
ANTELOPE,NE,28010,31003
ARTHUR,NE,28020,31005
BANNER,NE,28030,31007
BLAINE,NE,28040,31009
BOONE,NE,28050,31011
BOX BUTTE,NE,28060,31013
BOYD,NE,28070,31015
BROWN,NE,28080,31017
BUFFALO,NE,28090,31019
BURT,NE,28100,31021
BUTLER,NE,28110,31023
CASS,NE,28120,31025
CEDAR,NE,28130,31027
CHASE,NE,28140,31029
CHERRY,NE,28150,31031
CHEYENNE,NE,28160,31033
CLAY,NE,28170,31035
COLFAX,NE,28180,31037
CUMING,NE,28190,31039
CUSTER,NE,28200,31041
DAKOTA,NE,28210,31043
DAWES,NE,28220,31045
DAWSON,NE,28230,31047
DEUEL,NE,28240,31049
DIXON,NE,28250,31051
DODGE,NE,28260,31053
DOUGLAS,NE,28270,31055
DUNDY,NE,28280,31057
FILLMORE,NE,28290,31059
FRANKLIN,NE,28300,31061
FRONTIER,NE,28310,31063
FURNAS,NE,28320,31065
GAGE,NE,28330,31067
GARDEN,NE,28340,31069
GARFIELD,NE,28350,31071
GOSPER,NE,28360,31073
GRANT,NE,28370,31075
GREELEY,NE,28380,31077
HALL,NE,28390,31079
HAMILTON,NE,28400,31081
HARLAN,NE,28410,31083
HAYES,NE,28420,31085
HITCHCOCK,NE,28430,31087
HOLT,NE,28440,31089
HOOKER,NE,28450,31091
HOWARD,NE,28460,31093
JEFFERSON,NE,28470,31095
JOHNSON,NE,28480,31097
KEARNEY,NE,28490,31099
KEYA PAHA,NE,28510,31103
KIMBALL,NE,28520,31105
KNOX,NE,28530,31107
LANCASTER,NE,28540,31109
LINCOLN,NE,28550,31111
LOGAN,NE,28560,31113
LOUP,NE,28570,31115
MC PHERSON,NE,28580,31117
MADISON,NE,28590,31119
MERRICK,NE,28600,31121
MORRILL,NE,28610,31123
NANCE,NE,28620,31125
NEMAHA,NE,28630,31127
NUCKOLLS,NE,28640,31129
OTOE,NE,28650,31131
PAWNEE,NE,28660,31133
PERKINS,NE,28670,31135
PHELPS,NE,28680,31137
PIERCE,NE,28690,31139
PLATTE,NE,28700,31141
POLK,NE,28710,31143
RED WILLOW,NE,28720,31145
RICHARDSON,NE,28730,31147
ROCK,NE,28740,31149
SALINE,NE,28750,31151
SARPY,NE,28760,31153
SAUNDERS,NE,28770,31155
SCOTT BLUFF,NE,28780,31157
SEWARD,NE,28790,31159
SHERIDAN,NE,28800,31161
SHERMAN,NE,28810,31163
SIOUX,NE,28820,31165
STANTON,NE,28830,31167
THAYER,NE,28840,31169
THOMAS,NE,28850,31171
THURSTON,NE,28860,31173
VALLEY,NE,28870,31175
WASHINGTON,NE,28880,31177
WAYNE,NE,28890,31179
WEBSTER,NE,28900,31181
WHEELER,NE,28910,31183
YORK,NE,28920,31185
STATEWIDE,NE,28999,31990
CHURCHILL,NV,29000,32001
CLARK,NV,29010,32003
DOUGLAS,NV,29020,32005
ELKO,NV,29030,32007
ESMERALDA,NV,29040,32009
EUREKA,NV,29050,32011
HUMBOLDT,NV,29060,32013
LANDER,NV,29070,32015
LINCOLN,NV,29080,32017
LYON,NV,29090,32019
MINERAL,NV,29100,32021
NYE,NV,29110,32023
PERSHING,NV,29130,32027
STOREY,NV,29140,32029
WASHOE,NV,29150,32031
WHITE PINE,NV,29160,32033
CARSON CITY,NV,29120,32510
STATEWIDE,NV,29999,32990
BELKNAP,NH,30000,33001
CARROLL,NH,30010,33003
CHESHIRE,NH,30020,33005
COOS,NH,30030,33007
GRAFTON,NH,30040,33009
HILLSBOROUGH,NH,30050,33011
MERRIMACK,NH,30060,33013
ROCKINGHAM,NH,30070,33015
STRAFFORD,NH,30080,33017
SULLIVAN,NH,30090,33019
STATEWIDE,NH,30999,33990
ATLANTIC,NJ,31000,34001
BERGEN,NJ,31100,34003
BURLINGTON,NJ,31150,34005
CAMDEN,NJ,31160,34007
CAPE MAY,NJ,31180,34009
CUMBERLAND,NJ,31190,34011
ESSEX,NJ,31200,34013
GLOUCESTER,NJ,31220,34015
HUDSON,NJ,31230,34017
HUNTERDON,NJ,31250,34019
MERCER,NJ,31260,34021
MIDDLESEX,NJ,31270,34023
MONMOUTH,NJ,31290,34025
MORRIS,NJ,31300,34027
OCEAN,NJ,31310,34029
PASSAIC,NJ,31320,34031
SALEM,NJ,31340,34033
SOMERSET,NJ,31350,34035
SUSSEX,NJ,31360,34037
UNION,NJ,31370,34039
WARREN,NJ,31390,34041
STATEWIDE,NJ,31999,34990
BERNALILLO,NM,32000,35001
CATRON,NM,32010,35003
CHAVES,NM,32020,35005
CIBOLA,NM,32025,35006
COLFAX,NM,32030,35007
CURRY,NM,32040,35009
DE BACA,NM,32050,35011
DONA ANA,NM,32060,35013
EDDY,NM,32070,35015
GRANT,NM,32080,35017
GUADALUPE,NM,32090,35019
HARDING,NM,32100,35021
HIDALGO,NM,32110,35023
LEA,NM,32120,35025
LINCOLN,NM,32130,35027
LOS ALAMOS,NM,32131,35028
LUNA,NM,32140,35029
MCKINLEY,NM,32150,35031
MORA,NM,32160,35033
OTERO,NM,32170,35035
QUAY,NM,32180,35037
RIO ARRIBA,NM,32190,35039
ROOSEVELT,NM,32200,35041
SANDOVAL,NM,32210,35043
SAN JUAN,NM,32220,35045
SAN MIGUEL,NM,32230,35047
SANTA FE,NM,32240,35049
SIERRA,NM,32250,35051
SOCORRO,NM,32260,35053
TAOS,NM,32270,35055
TORRANCE,NM,32280,35057
UNION,NM,32290,35059
VALENCIA,NM,32300,35061
STATEWIDE,NM,32999,35990
ALBANY,NY,33000,36001
ALLEGANY,NY,33010,36003
BRONX,NY,33020,36005
BROOME,NY,33030,36007
CATTARAUGUS,NY,33040,36009
CAYUGA,NY,33050,36011
CHAUTAUQUA,NY,33060,36013
CHEMUNG,NY,33070,36015
CHENANGO,NY,33080,36017
CLINTON,NY,33090,36019
COLUMBIA,NY,33200,36021
CORTLAND,NY,33210,36023
DELAWARE,NY,33220,36025
DUTCHESS,NY,33230,36027
ERIE,NY,33240,36029
ESSEX,NY,33260,36031
FRANKLIN,NY,33270,36033
FULTON,NY,33280,36035
GENESEE,NY,33290,36037
GREENE,NY,33300,36039
HAMILTON,NY,33310,36041
HERKIMER,NY,33320,36043
JEFFERSON,NY,33330,36045
KINGS,NY,33331,36047
LEWIS,NY,33340,36049
LIVINGSTON,NY,33350,36051
MADISON,NY,33360,36053
MONROE,NY,33370,36055
MONTGOMERY,NY,33380,36057
NASSAU,NY,33400,36059
NEW YORK,NY,33420,36061
NIAGARA,NY,33500,36063
ONEIDA,NY,33510,36065
ONONDAGA,NY,33520,36067
ONTARIO,NY,33530,36069
ORANGE,NY,33540,36071
ORLEANS,NY,33550,36073
OSWEGO,NY,33560,36075
OTSEGO,NY,33570,36077
PUTNAM,NY,33580,36079
QUEENS,NY,33590,36081
RENSSELAER,NY,33600,36083
RICHMOND,NY,33610,36085
ROCKLAND,NY,33620,36087
ST. LAWRENCE,NY,33630,36089
SARATOGA,NY,33640,36091
SCHENECTADY,NY,33650,36093
SCHOHARIE,NY,33660,36095
SCHUYLER,NY,33670,36097
SENECA,NY,33680,36099
STEUBEN,NY,33690,36101
SUFFOLK,NY,33700,36103
SULLIVAN,NY,33710,36105
TIOGA,NY,33720,36107
TOMPKINS,NY,33730,36109
ULSTER,NY,33740,36111
WARREN,NY,33750,36113
WASHINGTON,NY,33760,36115
WAYNE,NY,33770,36117
WESTCHESTER,NY,33800,36119
WYOMING,NY,33900,36121
YATES,NY,33910,36123
STATEWIDE,NY,33999,36990
ALAMANCE,NC,34000,37001
ALEXANDER,NC,34010,37003
ALLEGHANY,NC,34020,37005
ANSON,NC,34030,37007
ASHE,NC,34040,37009
AVERY,NC,34050,37011
BEAUFORT,NC,34060,37013
BERTIE,NC,34070,37015
BLADEN,NC,34080,37017
BRUNSWICK,NC,34090,37019
BUNCOMBE,NC,34100,37021
BURKE,NC,34110,37023
CABARRUS,NC,34120,37025
CALDWELL,NC,34130,37027
CAMDEN,NC,34140,37029
CARTERET,NC,34150,37031
CASWELL,NC,34160,37033
CATAWBA,NC,34170,37035
CHATHAM,NC,34180,37037
CHEROKEE,NC,34190,37039
CHOWAN,NC,34200,37041
CLAY,NC,34210,37043
CLEVELAND,NC,34220,37045
COLUMBUS,NC,34230,37047
CRAVEN,NC,34240,37049
CUMBERLAND,NC,34250,37051
CURRITUCK,NC,34251,37053
DARE,NC,34270,37055
DAVIDSON,NC,34280,37057
DAVIE,NC,34290,37059
DUPLIN,NC,34300,37061
DURHAM,NC,34310,37063
EDGECOMBE,NC,34320,37065
FORSYTH,NC,34330,37067
FRANKLIN,NC,34340,37069
GASTON,NC,34350,37071
GATES,NC,34360,37073
GRAHAM,NC,34370,37075
GRANVILLE,NC,34380,37077
GREENE,NC,34390,37079
GUILFORD,NC,34400,37081
HALIFAX,NC,34410,37083
HARNETT,NC,34420,37085
HAYWOOD,NC,34430,37087
HENDERSON,NC,34440,37089
HERTFORD,NC,34450,37091
HOKE,NC,34460,37093
HYDE,NC,34470,37095
IREDELL,NC,34480,37097
JACKSON,NC,34490,37099
JOHNSTON,NC,34500,37101
JONES,NC,34510,37103
LEE,NC,34520,37105
LENOIR,NC,34530,37107
LINCOLN,NC,34540,37109
MC DOWELL,NC,34550,37111
MACON,NC,34560,37113
MADISON,NC,34570,37115
MARTIN,NC,34580,37117
MECKLENBURG,NC,34590,37119
MITCHELL,NC,34600,37121
MONTGOMERY,NC,34610,37123
MOORE,NC,34620,37125
NASH,NC,34630,37127
NEW HANOVER,NC,34640,37129
NORTHAMPTON,NC,34650,37131
ONSLOW,NC,34660,37133
ORANGE,NC,34670,37135
PAMLICO,NC,34680,37137
PASQUOTANK,NC,34690,37139
PENDER,NC,34700,37141
PERQUIMANS,NC,34710,37143
PERSON,NC,34720,37145
PITT,NC,34730,37147
POLK,NC,34740,37149
RANDOLPH,NC,34750,37151
RICHMOND,NC,34760,37153
ROBESON,NC,34770,37155
ROCKINGHAM,NC,34780,37157
ROWAN,NC,34790,37159
RUTHERFORD,NC,34800,37161
SAMPSON,NC,34810,37163
SCOTLAND,NC,34820,37165
STANLY,NC,34830,37167
STOKES,NC,34840,37169
SURRY,NC,34850,37171
SWAIN,NC,34860,37173
TRANSYLVANIA,NC,34870,37175
TYRRELL,NC,34880,37177
UNION,NC,34890,37179
VANCE,NC,34900,37181
WAKE,NC,34910,37183
WARREN,NC,34920,37185
WASHINGTON,NC,34930,37187
WATAUGA,NC,34940,37189
WAYNE,NC,34950,37191
WILKES,NC,34960,37193
WILSON,NC,34970,37195
YADKIN,NC,34980,37197
YANCEY,NC,34981,37199
STATEWIDE,NC,34999,37990
ADAMS,ND,35000,38001
BARNES,ND,35010,38003
BENSON,ND,35020,38005
BILLINGS,ND,35030,38007
BOTTINEAU,ND,35040,38009
BOWMAN,ND,35050,38011
BURKE,ND,35060,38013
BURLEIGH,ND,35070,38015
CASS,ND,35080,38017
CAVALIER,ND,35090,38019
DICKEY,ND,35100,38021
DIVIDE,ND,35110,38023
DUNN,ND,35120,38025
EDDY,ND,35130,38027
EMMONS,ND,35140,38029
FOSTER,ND,35150,38031
GOLDEN VALLEY,ND,35160,38033
GRAND FORKS,ND,35170,38035
GRANT,ND,35180,38037
GRIGGS,ND,35190,38039
HETTINGER,ND,35200,38041
KIDDER,ND,35210,38043
LA MOURE,ND,35220,38045
LOGAN,ND,35230,38047
MCHENRY,ND,35240,38049
MCINTOSH,ND,35250,38051
MCKENZIE,ND,35260,38053
MCLEAN,ND,35270,38055
MERCER,ND,35280,38057
MORTON,ND,35290,38059
MOUNTRAIL,ND,35300,38061
NELSON,ND,35310,38063
OLIVER,ND,35320,38065
PEMBINA,ND,35330,38067
PIERCE,ND,35340,38069
RAMSEY,ND,35350,38071
RANSOM,ND,35360,38073
RENVILLE,ND,35370,38075
RICHLAND,ND,35380,38077
ROLETTE,ND,35390,38079
SARGENT,ND,35400,38081
SHERIDAN,ND,35410,38083
SIOUX,ND,35420,38085
SLOPE,ND,35430,38087
STARK,ND,35440,38089
STEELE,ND,35450,38091
STUTSMAN,ND,35460,38093
TOWNER,ND,35470,38095
TRAILL,ND,35480,38097
WALSH,ND,35490,38099
WARD,ND,35500,38101
WELLS,ND,35510,38103
WILLIAMS,ND,35520,38105
STATEWIDE,ND,35999,38990
ADAMS,OH,36000,39001
ALLEN,OH,36010,39003
ASHLAND,OH,36020,39005
ASHTABULA,OH,36030,39007
ATHENS,OH,36040,39009
AUGLAIZE,OH,36050,39011
BELMONT,OH,36060,39013
BROWN,OH,36070,39015
BUTLER,OH,36080,39017
CARROLL,OH,36090,39019
CHAMPAIGN,OH,36100,39021
CLARK,OH,36110,39023
CLERMONT,OH,36120,39025
CLINTON,OH,36130,39027
COLUMBIANA,OH,36140,39029
COSHOCTON,OH,36150,39031
CRAWFORD,OH,36160,39033
CUYAHOGA,OH,36170,39035
DARKE,OH,36190,39037
DEFIANCE,OH,36200,39039
DELAWARE,OH,36210,39041
ERIE,OH,36220,39043
FAIRFIELD,OH,36230,39045
FAYETTE,OH,36240,39047
FRANKLIN,OH,36250,39049
FULTON,OH,36260,39051
GALLIA,OH,36270,39053
GEAUGA,OH,36280,39055
GREENE,OH,36290,39057
GUERNSEY,OH,36300,39059
HAMILTON,OH,36310,39061
HANCOCK,OH,36330,39063
HARDIN,OH,36340,39065
HARRISON,OH,36350,39067
HENRY,OH,36360,39069
HIGHLAND,OH,36370,39071
HOCKING,OH,36380,39073
HOLMES,OH,36390,39075
HURON,OH,36400,39077
JACKSON,OH,36410,39079
JEFFERSON,OH,36420,39081
KNOX,OH,36430,39083
LAKE,OH,36440,39085
LAWRENCE,OH,36450,39087
LICKING,OH,36460,39089
LOGAN,OH,36470,39091
LORAIN,OH,36480,39093
LUCAS,OH,36490,39095
MADISON,OH,36500,39097
MAHONING,OH,36510,39099
MARION,OH,36520,39101
MEDINA,OH,36530,39103
MEIGS,OH,36540,39105
MERCER,OH,36550,39107
MIAMI,OH,36560,39109
MONROE,OH,36570,39111
MONTGOMERY,OH,36580,39113
MORGAN,OH,36590,39115
MORROW,OH,36600,39117
MUSKINGUM,OH,36610,39119
NOBLE,OH,36620,39121
OTTAWA,OH,36630,39123
PAULDING,OH,36640,39125
PERRY,OH,36650,39127
PICKAWAY,OH,36660,39129
PIKE,OH,36670,39131
PORTAGE,OH,36680,39133
PREBLE,OH,36690,39135
PUTNAM,OH,36700,39137
RICHLAND,OH,36710,39139
ROSS,OH,36720,39141
SANDUSKY,OH,36730,39143
SCIOTO,OH,36740,39145
SENECA,OH,36750,39147
SHELBY,OH,36760,39149
STARK,OH,36770,39151
SUMMIT,OH,36780,39153
TRUMBULL,OH,36790,39155
TUSCARAWAS,OH,36800,39157
UNION,OH,36810,39159
VAN WERT,OH,36820,39161
VINTON,OH,36830,39163
WARREN,OH,36840,39165
WASHINGTON,OH,36850,39167
WAYNE,OH,36860,39169
WILLIAMS,OH,36870,39171
WOOD,OH,36880,39173
WYANDOT,OH,36890,39175
STATEWIDE,OH,36999,39990
ADAIR,OK,37000,40001
ALFALFA,OK,37010,40003
ATOKA,OK,37020,40005
BEAVER,OK,37030,40007
BECKHAM,OK,37040,40009
BLAINE,OK,37050,40011
BRYAN,OK,37060,40013
CADDO,OK,37070,40015
CANADIAN,OK,37080,40017
CARTER,OK,37090,40019
CHEROKEE,OK,37100,40021
CHOCTAW,OK,37110,40023
CIMARRON,OK,37120,40025
CLEVELAND,OK,37130,40027
COAL,OK,37140,40029
COMANCHE,OK,37150,40031
COTTON,OK,37160,40033
CRAIG,OK,37170,40035
CREEK,OK,37180,40037
CUSTER,OK,37190,40039
DELAWARE,OK,37200,40041
DEWEY,OK,37210,40043
ELLIS,OK,37220,40045
GARFIELD,OK,37230,40047
GARVIN,OK,37240,40049
GRADY,OK,37250,40051
GRANT,OK,37260,40053
GREER,OK,37270,40055
HARMON,OK,37280,40057
HARPER,OK,37290,40059
HASKELL,OK,37300,40061
HUGHES,OK,37310,40063
JACKSON,OK,37320,40065
JEFFERSON,OK,37330,40067
JOHNSTON,OK,37340,40069
KAY,OK,37350,40071
KINGFISHER,OK,37360,40073
KIOWA,OK,37370,40075
LATIMER,OK,37380,40077
LE FLORE,OK,37390,40079
LINCOLN,OK,37400,40081
LOGAN,OK,37410,40083
LOVE,OK,37420,40085
MCCLAIN,OK,37430,40087
MCCURTAIN,OK,37440,40089
MCINTOSH,OK,37450,40091
MAJOR,OK,37460,40093
MARSHALL,OK,37470,40095
MAYES,OK,37480,40097
MURRAY,OK,37490,40099
MUSKOGEE,OK,37500,40101
NOBLE,OK,37510,40103
NOWATA,OK,37520,40105
OKFUSKEE,OK,37530,40107
OKLAHOMA,OK,37540,40109
OKMULGEE,OK,37550,40111
OSAGE,OK,37560,40113
OTTAWA,OK,37570,40115
PAWNEE,OK,37580,40117
PAYNE,OK,37590,40119
PITTSBURG,OK,37600,40121
PONTOTOC,OK,37610,40123
POTTAWATOMIE,OK,37620,40125
PUSHMATAHA,OK,37630,40127
ROGER MILLS,OK,37640,40129
ROGERS,OK,37650,40131
SEMINOLE,OK,37660,40133
SEQUOYAH,OK,37670,40135
STEPHENS,OK,37680,40137
TEXAS,OK,37690,40139
TILLMAN,OK,37700,40141
TULSA,OK,37710,40143
WAGONER,OK,37720,40145
WASHINGTON,OK,37730,40147
WASHITA,OK,37740,40149
WOODS,OK,37750,40151
WOODWARD,OK,37760,40153
STATEWIDE,OK,37999,40990
BAKER,OR,38000,41001
BENTON,OR,38010,41003
CLACKAMAS,OR,38020,41005
CLATSOP,OR,38030,41007
COLUMBIA,OR,38040,41009
COOS,OR,38050,41011
CROOK,OR,38060,41013
CURRY,OR,38070,41015
DESCHUTES,OR,38080,41017
DOUGLAS,OR,38090,41019
GILLIAM,OR,38100,41021
GRANT,OR,38110,41023
HARNEY,OR,38120,41025
HOOD RIVER,OR,38130,41027
JACKSON,OR,38140,41029
JEFFERSON,OR,38150,41031
JOSEPHINE,OR,38160,41033
KLAMATH,OR,38170,41035
LAKE,OR,38180,41037
LANE,OR,38190,41039
LINCOLN,OR,38200,41041
LINN,OR,38210,41043
MALHEUR,OR,38220,41045
MARION,OR,38230,41047
MORROW,OR,38240,41049
MULTNOMAH,OR,38250,41051
POLK,OR,38260,41053
SHERMAN,OR,38270,41055
TILLAMOOK,OR,38280,41057
UMATILLA,OR,38290,41059
UNION,OR,38300,41061
WALLOWA,OR,38310,41063
WASCO,OR,38320,41065
WASHINGTON,OR,38330,41067
WHEELER,OR,38340,41069
YAMHILL,OR,38350,41071
STATEWIDE,OR,38999,41990
ADAMS,PA,39000,42001
ALLEGHENY,PA,39010,42003
ARMSTRONG,PA,39070,42005
BEAVER,PA,39080,42007
BEDFORD,PA,39100,42009
BERKS,PA,39110,42011
BLAIR,PA,39120,42013
BRADFORD,PA,39130,42015
BUCKS,PA,39140,42017
BUTLER,PA,39150,42019
CAMBRIA,PA,39160,42021
CAMERON,PA,39180,42023
CARBON,PA,39190,42025
CENTRE,PA,39200,42027
CHESTER,PA,39210,42029
CLARION,PA,39220,42031
CLEARFIELD,PA,39230,42033
CLINTON,PA,39240,42035
COLUMBIA,PA,39250,42037
CRAWFORD,PA,39260,42039
CUMBERLAND,PA,39270,42041
DAUPHIN,PA,39280,42043
DELAWARE,PA,39290,42045
ELK,PA,39310,42047
ERIE,PA,39320,42049
FAYETTE,PA,39330,42051
FOREST,PA,39340,42053
FRANKLIN,PA,39350,42055
FULTON,PA,39360,42057
GREENE,PA,39370,42059
HUNTINGDON,PA,39380,42061
INDIANA,PA,39390,42063
JEFFERSON,PA,39400,42065
JUNIATA,PA,39410,42067
LACKAWANNA,PA,39420,42069
LANCASTER,PA,39440,42071
LAWRENCE,PA,39450,42073
LEBANON,PA,39460,42075
LEHIGH,PA,39470,42077
LUZERNE,PA,39480,42079
LYCOMING,PA,39510,42081
MC KEAN,PA,39520,42083
MERCER,PA,39530,42085
MIFFLIN,PA,39540,42087
MONROE,PA,39550,42089
MONTGOMERY,PA,39560,42091
MONTOUR,PA,39580,42093
NORTHAMPTON,PA,39590,42095
NORTHUMBERLND,PA,39600,42097
PERRY,PA,39610,42099
PHILADELPHIA,PA,39620,42101
PIKE,PA,39630,42103
POTTER,PA,39640,42105
SCHUYLKILL,PA,39650,42107
SNYDER,PA,39670,42109
SOMERSET,PA,39680,42111
SULLIVAN,PA,39690,42113
SUSQUEHANNA,PA,39700,42115
TIOGA,PA,39710,42117
UNION,PA,39720,42119
VENANGO,PA,39730,42121
WARREN,PA,39740,42123
WASHINGTON,PA,39750,42125
WAYNE,PA,39760,42127
WESTMORELAND,PA,39770,42129
WYOMING,PA,39790,42131
YORK,PA,39800,42133
STATEWIDE,PA,39999,42990
BRISTOL,RI,41000,44001
KENT,RI,41010,44003
NEWPORT,RI,41020,44005
PROVIDENCE,RI,41030,44007
WASHINGTON,RI,41050,44009
STATEWIDE,RI,41999,44999
ABBEVILLE,SC,42000,45001
AIKEN,SC,42010,45003
ALLENDALE,SC,42020,45005
ANDERSON,SC,42030,45007
BAMBERG,SC,42040,45009
BARNWELL,SC,42050,45011
BEAUFORT,SC,42060,45013
BERKELEY,SC,42070,45015
CALHOUN,SC,42080,45017
CHARLESTON,SC,42090,45019
CHEROKEE,SC,42100,45021
CHESTER,SC,42110,45023
CHESTERFIELD,SC,42120,45025
CLARENDON,SC,42130,45027
COLLETON,SC,42140,45029
DARLINGTON,SC,42150,45031
DILLON,SC,42160,45033
DORCHESTER,SC,42170,45035
EDGEFIELD,SC,42180,45037
FAIRFIELD,SC,42190,45039
FLORENCE,SC,42200,45041
GEORGETOWN,SC,42210,45043
GREENVILLE,SC,42220,45045
GREENWOOD,SC,42230,45047
HAMPTON,SC,42240,45049
HORRY,SC,42250,45051
JASPER,SC,42260,45053
KERSHAW,SC,42270,45055
LANCASTER,SC,42280,45057
LAURENS,SC,42290,45059
LEE,SC,42300,45061
LEXINGTON,SC,42310,45063
MCCORMICK,SC,42320,45065
MARION,SC,42330,45067
MARLBORO,SC,42340,45069
NEWBERRY,SC,42350,45071
OCONEE,SC,42360,45073
ORANGEBURG,SC,42370,45075
PICKENS,SC,42380,45077
RICHLAND,SC,42390,45079
SALUDA,SC,42400,45081
SPARTANBURG,SC,42410,45083
SUMTER,SC,42420,45085
UNION,SC,42430,45087
WILLIAMSBURG,SC,42440,45089
YORK,SC,42450,45091
STATEWIDE,SC,42999,45990
AURORA,SD,43010,46003
BEADLE,SD,43020,46005
BENNETT,SD,43030,46007
BON HOMME,SD,43040,46009
BROOKINGS,SD,43050,46011
BROWN,SD,43060,46013
BRULE,SD,43070,46015
BUFFALO,SD,43080,46017
BUTTE,SD,43090,46019
CAMPBELL,SD,43100,46021
CHARLES MIX,SD,43110,46023
CLARK,SD,43120,46025
CLAY,SD,43130,46027
CODINGTON,SD,43140,46029
CORSON,SD,43150,46031
CUSTER,SD,43160,46033
DAVISON,SD,43170,46035
DAY,SD,43180,46037
DEUEL,SD,43190,46039
DEWEY,SD,43200,46041
DOUGLAS,SD,43210,46043
EDMUNDS,SD,43220,46045
FALL RIVER,SD,43230,46047
FAULK,SD,43240,46049
GRANT,SD,43250,46051
GREGORY,SD,43260,46053
HAAKON,SD,43270,46055
HAMLIN,SD,43280,46057
HAND,SD,43290,46059
HANSON,SD,43300,46061
HARDING,SD,43310,46063
HUGHES,SD,43320,46065
HUTCHINSON,SD,43330,46067
HYDE,SD,43340,46069
JACKSON,SD,43350,46071
JERAULD,SD,43360,46073
JONES,SD,43370,46075
KINGSBURY,SD,43380,46077
LAKE,SD,43390,46079
LAWRENCE,SD,43400,46081
LINCOLN,SD,43410,46083
LYMAN,SD,43420,46085
MC COOK,SD,43430,46087
MC PHERSON,SD,43440,46089
MARSHALL,SD,43450,46091
MEADE,SD,43460,46093
MELLETTE,SD,43470,46095
MINER,SD,43480,46097
MINNEHAHA,SD,43490,46099
MOODY,SD,43500,46101
PENNINGTON,SD,43510,46103
PERKINS,SD,43520,46105
POTTER,SD,43530,46107
ROBERTS,SD,43540,46109
SANBORN,SD,43550,46111
SHANNON,SD,43560,46113
SPINK,SD,43570,46115
STANLEY,SD,43580,46117
SULLY,SD,43590,46119
TODD,SD,43600,46121
TRIPP,SD,43610,46123
TURNER,SD,43620,46125
UNION,SD,43630,46127
WALWORTH,SD,43640,46129
YANKTON,SD,43670,46135
ZIEBACH,SD,43680,46137
STATEWIDE,SD,43999,46990
ANDERSON,TN,44000,47001
BEDFORD,TN,44010,47003
BENTON,TN,44020,47005
BLEDSOE,TN,44030,47007
BLOUNT,TN,44040,47009
BRADLEY,TN,44050,47011
CAMPBELL,TN,44060,47013
CANNON,TN,44070,47015
CARROLL,TN,44080,47017
CARTER,TN,44090,47019
CHEATHAM,TN,44100,47021
CHESTER,TN,44110,47023
CLAIBORNE,TN,44120,47025
CLAY,TN,44130,47027
COCKE,TN,44140,47029
COFFEE,TN,44150,47031
CROCKETT,TN,44160,47033
CUMBERLAND,TN,44170,47035
DAVIDSON,TN,44180,47037
DECATUR,TN,44190,47039
DE KALB,TN,44200,47041
DICKSON,TN,44210,47043
DYER,TN,44220,47045
FAYETTE,TN,44230,47047
FENTRESS,TN,44240,47049
FRANKLIN,TN,44250,47051
GIBSON,TN,44260,47053
GILES,TN,44270,47055
GRAINGER,TN,44280,47057
GREENE,TN,44290,47059
GRUNDY,TN,44300,47061
HAMBLEN,TN,44310,47063
HAMILTON,TN,44320,47065
HANCOCK,TN,44330,47067
HARDEMAN,TN,44340,47069
HARDIN,TN,44350,47071
HAWKINS,TN,44360,47073
HAYWOOD,TN,44370,47075
HENDERSON,TN,44380,47077
HENRY,TN,44390,47079
HICKMAN,TN,44400,47081
HOUSTON,TN,44410,47083
HUMPHREYS,TN,44420,47085
JACKSON,TN,44430,47087
JEFFERSON,TN,44440,47089
JOHNSON,TN,44450,47091
KNOX,TN,44460,47093
LAKE,TN,44470,47095
LAUDERDALE,TN,44480,47097
LAWRENCE,TN,44490,47099
LEWIS,TN,44500,47101
LINCOLN,TN,44510,47103
LOUDON,TN,44520,47105
MC MINN,TN,44530,47107
MC NAIRY,TN,44540,47109
MACON,TN,44550,47111
MADISON,TN,44560,47113
MARION,TN,44570,47115
MARSHALL,TN,44580,47117
MAURY,TN,44590,47119
MEIGS,TN,44600,47121
MONROE,TN,44610,47123
MONTGOMERY,TN,44620,47125
MOORE,TN,44630,47127
MORGAN,TN,44640,47129
OBION,TN,44650,47131
OVERTON,TN,44660,47133
PERRY,TN,44670,47135
PICKETT,TN,44680,47137
POLK,TN,44690,47139
PUTNAM,TN,44700,47141
RHEA,TN,44710,47143
ROANE,TN,44720,47145
ROBERTSON,TN,44730,47147
RUTHERFORD,TN,44740,47149
SCOTT,TN,44750,47151
SEQUATCHIE,TN,44760,47153
SEVIER,TN,44770,47155
SHELBY,TN,44780,47157
SMITH,TN,44790,47159
STEWART,TN,44800,47161
SULLIVAN,TN,44810,47163
SUMNER,TN,44820,47165
TIPTON,TN,44830,47167
TROUSDALE,TN,44840,47169
UNICOI,TN,44850,47171
UNION,TN,44860,47173
VAN BUREN,TN,44870,47175
WARREN,TN,44880,47177
WASHINGTON,TN,44890,47179
WAYNE,TN,44900,47181
WEAKLEY,TN,44910,47183
WHITE,TN,44920,47185
WILLIAMSON,TN,44930,47187
WILSON,TN,44940,47189
STATEWIDE,TN,44999,47990
ANDERSON,TX,45000,48001
ANDREWS,TX,45010,48003
ANGELINA,TX,45020,48005
ARANSAS,TX,45030,48007
ARCHER,TX,45040,48009
ARMSTRONG,TX,45050,48011
ATASCOSA,TX,45060,48013
AUSTIN,TX,45070,48015
BAILEY,TX,45080,48017
BANDERA,TX,45090,48019
BASTROP,TX,45100,48021
BAYLOR,TX,45110,48023
BEE,TX,45113,48025
BELL,TX,45120,48027
BEXAR,TX,45130,48029
BLANCO,TX,45140,48031
BORDEN,TX,45150,48033
BOSQUE,TX,45160,48035
BOWIE,TX,45170,48037
BRAZORIA,TX,45180,48039
BRAZOS,TX,45190,48041
BREWSTER,TX,45200,48043
BRISCOE,TX,45201,48045
BROOKS,TX,45210,48047
BROWN,TX,45220,48049
BURLESON,TX,45221,48051
BURNET,TX,45222,48053
CALDWELL,TX,45223,48055
CALHOUN,TX,45224,48057
CALLAHAN,TX,45230,48059
CAMERON,TX,45240,48061
CAMP,TX,45250,48063
CARSON,TX,45251,48065
CASS,TX,45260,48067
CASTRO,TX,45270,48069
CHAMBERS,TX,45280,48071
CHEROKEE,TX,45281,48073
CHILDRESS,TX,45290,48075
CLAY,TX,45291,48077
COCHRAN,TX,45292,48079
COKE,TX,45300,48081
COLEMAN,TX,45301,48083
COLLIN,TX,45310,48085
COLLINGSWORTH,TX,45311,48087
COLORADO,TX,45312,48089
COMAL,TX,45320,48091
COMANCHE,TX,45321,48093
CONCHO,TX,45330,48095
COOKE,TX,45340,48097
CORYELL,TX,45341,48099
COTTLE,TX,45350,48101
CRANE,TX,45360,48103
CROCKETT,TX,45361,48105
CROSBY,TX,45362,48107
CULBERSON,TX,45370,48109
DALLAM,TX,45380,48111
DALLAS,TX,45390,48113
DAWSON,TX,45391,48115
DEAF SMITH,TX,45392,48117
DELTA,TX,45400,48119
DENTON,TX,45410,48121
DE WITT,TX,45420,48123
DICKENS,TX,45421,48125
DIMMIT,TX,45430,48127
DONLEY,TX,45431,48129
DUVAL,TX,45440,48131
EASTLAND,TX,45450,48133
ECTOR,TX,45451,48135
EDWARDS,TX,45460,48137
ELLIS,TX,45470,48139
EL PASO,TX,45480,48141
ERATH,TX,45490,48143
FALLS,TX,45500,48145
FANNIN,TX,45510,48147
FAYETTE,TX,45511,48149
FISHER,TX,45520,48151
FLOYD,TX,45521,48153
FOARD,TX,45522,48155
FORT BEND,TX,45530,48157
FRANKLIN,TX,45531,48159
FREESTONE,TX,45540,48161
FRIO,TX,45541,48163
GAINES,TX,45542,48165
GALVESTON,TX,45550,48167
GARZA,TX,45551,48169
GILLESPIE,TX,45552,48171
GLASSCOCK,TX,45560,48173
GOLIAD,TX,45561,48175
GONZALES,TX,45562,48177
GRAY,TX,45563,48179
GRAYSON,TX,45564,48181
GREGG,TX,45570,48183
GRIMES,TX,45580,48185
GUADALUPE,TX,45581,48187
HALE,TX,45582,48189
HALL,TX,45583,48191
HAMILTON,TX,45590,48193
HANSFORD,TX,45591,48195
HARDEMAN,TX,45592,48197
HARDIN,TX,45600,48199
HARRIS,TX,45610,48201
HARRISON,TX,45620,48203
HARTLEY,TX,45621,48205
HASKELL,TX,45630,48207
HAYS,TX,45631,48209
HEMPHILL,TX,45632,48211
HENDERSON,TX,45640,48213
HIDALGO,TX,45650,48215
HILL,TX,45651,48217
HOCKLEY,TX,45652,48219
HOOD,TX,45653,48221
HOPKINS,TX,45654,48223
HOUSTON,TX,45660,48225
HOWARD,TX,45661,48227
HUDSPETH,TX,45662,48229
HUNT,TX,45670,48231
HUTCHINSON,TX,45671,48233
IRION,TX,45672,48235
JACK,TX,45680,48237
JACKSON,TX,45681,48239
JASPER,TX,45690,48241
JEFF DAVIS,TX,45691,48243
JEFFERSON,TX,45700,48245
JIM HOGG,TX,45710,48247
JIM WELLS,TX,45711,48249
JOHNSON,TX,45720,48251
JONES,TX,45721,48253
KARNES,TX,45722,48255
KAUFMAN,TX,45730,48257
KENDALL,TX,45731,48259
KENEDY,TX,45732,48261
KENT,TX,45733,48263
KERR,TX,45734,48265
KIMBLE,TX,45740,48267
KING,TX,45741,48269
KINNEY,TX,45742,48271
KLEBERG,TX,45743,48273
KNOX,TX,45744,48275
LAMAR,TX,45750,48277
LAMB,TX,45751,48279
LAMPASAS,TX,45752,48281
LA SALLE,TX,45753,48283
LAVACA,TX,45754,48285
LEE,TX,45755,48287
LEON,TX,45756,48289
LIBERTY,TX,45757,48291
LIMESTONE,TX,45758,48293
LIPSCOMB,TX,45759,48295
LIVE OAK,TX,45760,48297
LLANO,TX,45761,48299
LOVING,TX,45762,48301
LUBBOCK,TX,45770,48303
LYNN,TX,45771,48305
MC CULLOCH,TX,45772,48307
MC LENNAN,TX,45780,48309
MC MULLEN,TX,45781,48311
MADISON,TX,45782,48313
MARION,TX,45783,48315
MARTIN,TX,45784,48317
MASON,TX,45785,48319
MATAGORDA,TX,45790,48321
MAVERICK,TX,45791,48323
MEDINA,TX,45792,48325
MENARD,TX,45793,48327
MIDLAND,TX,45794,48329
MILAM,TX,45795,48331
MILLS,TX,45796,48333
MITCHELL,TX,45797,48335
MONTAGUE,TX,45800,48337
MONTGOMERY,TX,45801,48339
MOORE,TX,45802,48341
MORRIS,TX,45803,48343
MOTLEY,TX,45804,48345
NACOGDOCHES,TX,45810,48347
NAVARRO,TX,45820,48349
NEWTON,TX,45821,48351
NOLAN,TX,45822,48353
NUECES,TX,45830,48355
OCHILTREE,TX,45831,48357
OLDHAM,TX,45832,48359
ORANGE,TX,45840,48361
PALO PINTO,TX,45841,48363
PANOLA,TX,45842,48365
PARKER,TX,45843,48367
PARMER,TX,45844,48369
PECOS,TX,45845,48371
POLK,TX,45850,48373
POTTER,TX,45860,48375
PRESIDIO,TX,45861,48377
RAINS,TX,45870,48379
RANDALL,TX,45871,48381
REAGAN,TX,45872,48383
REAL,TX,45873,48385
RED RIVER,TX,45874,48387
REEVES,TX,45875,48389
REFUGIO,TX,45876,48391
ROBERTS,TX,45877,48393
ROBERTSON,TX,45878,48395
ROCKWALL,TX,45879,48397
RUNNELS,TX,45880,48399
RUSK,TX,45881,48401
SABINE,TX,45882,48403
SAN AUGUSTINE,TX,45883,48405
SAN JACINTO,TX,45884,48407
SAN PATRICIO,TX,45885,48409
SAN SABA,TX,45886,48411
SCHLEICHER,TX,45887,48413
SCURRY,TX,45888,48415
SHACKELFORD,TX,45889,48417
SHELBY,TX,45890,48419
SHERMAN,TX,45891,48421
SMITH,TX,45892,48423
SOMERVELL,TX,45893,48425
STARR,TX,45900,48427
STEPHENS,TX,45901,48429
STERLING,TX,45902,48431
STONEWALL,TX,45903,48433
SUTTON,TX,45904,48435
SWISHER,TX,45905,48437
TARRANT,TX,45910,48439
TAYLOR,TX,45911,48441
TERRELL,TX,45912,48443
TERRY,TX,45913,48445
THROCKMORTON,TX,45920,48447
TITUS,TX,45921,48449
TOM GREEN,TX,45930,48451
TRAVIS,TX,45940,48453
TRINITY,TX,45941,48455
TYLER,TX,45942,48457
UPSHUR,TX,45943,48459
UPTON,TX,45944,48461
UVALDE,TX,45945,48463
VAL VERDE,TX,45946,48465
VAN ZANDT,TX,45947,48467
VICTORIA,TX,45948,48469
WALKER,TX,45949,48471
WALLER,TX,45950,48473
WARD,TX,45951,48475
WASHINGTON,TX,45952,48477
WEBB,TX,45953,48479
WHARTON,TX,45954,48481
WHEELER,TX,45955,48483
WICHITA,TX,45960,48485
WILBARGER,TX,45961,48487
WILLACY,TX,45962,48489
WILLIAMSON,TX,45970,48491
WILSON,TX,45971,48493
WINKLER,TX,45972,48495
WISE,TX,45973,48497
WOOD,TX,45974,48499
YOAKUM,TX,45980,48501
YOUNG,TX,45981,48503
ZAPATA,TX,45982,48505
ZAVALA,TX,45983,48507
STATEWIDE,TX,45999,48990
BEAVER,UT,46000,49001
BOX ELDER,UT,46010,49003
CACHE,UT,46020,49005
CARBON,UT,46030,49007
DAGGETT,UT,46040,49009
DAVIS,UT,46050,49011
DUCHESNE,UT,46060,49013
EMERY,UT,46070,49015
GARFIELD,UT,46080,49017
GRAND,UT,46090,49019
IRON,UT,46100,49021
JUAB,UT,46110,49023
KANE,UT,46120,49025
MILLARD,UT,46130,49027
MORGAN,UT,46140,49029
PIUTE,UT,46150,49031
RICH,UT,46160,49033
SALT LAKE,UT,46170,49035
SAN JUAN,UT,46180,49037
SANPETE,UT,46190,49039
SEVIER,UT,46200,49041
SUMMIT,UT,46210,49043
TOOELE,UT,46220,49045
UINTAH,UT,46230,49047
UTAH,UT,46240,49049
WASATCH,UT,46250,49051
WASHINGTON,UT,46260,49053
WAYNE,UT,46270,49055
WEBER,UT,46280,49057
STATEWIDE,UT,46999,49990
ADDISON,VT,47000,50001
BENNINGTON,VT,47010,50003
CALEDONIA,VT,47020,50005
CHITTENDEN,VT,47030,50007
ESSEX,VT,47040,50009
FRANKLIN,VT,47050,50011
GRAND ISLE,VT,47060,50013
LAMOILLE,VT,47070,50015
ORANGE,VT,47080,50017
ORLEANS,VT,47090,50019
RUTLAND,VT,47100,50021
WASHINGTON,VT,47110,50023
WINDHAM,VT,47120,50025
WINDSOR,VT,47130,50027
STATEWIDE,VT,47999,50990
ACCOMACK,VA,49000,51001
ALBEMARLE,VA,49010,51003
ALLEGHANY,VA,49020,51005
AMELIA,VA,49030,51007
AMHERST,VA,49040,51009
APPOMATTOX,VA,49050,51011
ARLINGTON,VA,49060,51013
AUGUSTA,VA,49070,51015
BATH,VA,49080,51017
BEDFORD,VA,49090,51019
BLAND,VA,49100,51021
BOTETOURT,VA,49110,51023
BRUNSWICK,VA,49120,51025
BUCHANAN,VA,49130,51027
BUCKINGHAM,VA,49140,51029
CAMPBELL,VA,49150,51031
CAROLINE,VA,49160,51033
CARROLL,VA,49170,51035
CHARLES CITY,VA,49180,51036
CHARLOTTE,VA,49190,51037
CHESTERFIELD,VA,49200,51041
CLARKE,VA,49210,51043
CRAIG,VA,49220,51045
CULPEPER,VA,49230,51047
CUMBERLAND,VA,49240,51049
DICKENSON,VA,49250,51051
DINWIDDIE,VA,49260,51053
ESSEX,VA,49280,51057
FAIRFAX,VA,49290,51059
FAUQUIER,VA,49300,51061
FLOYD,VA,49310,51063
FLUVANNA,VA,49320,51065
FRANKLIN,VA,49330,51067
FREDERICK,VA,49340,51069
GILES,VA,49350,51071
GLOUCESTER,VA,49360,51073
GOOCHLAND,VA,49370,51075
GRAYSON,VA,49380,51077
GREENE,VA,49390,51079
GREENSVILLE,VA,49400,51081
HALIFAX,VA,49410,51083
HANOVER,VA,49420,51085
HENRICO,VA,49430,51087
HENRY,VA,49440,51089
HIGHLAND,VA,49450,51091
ISLE OF WIGHT,VA,49460,51093
JAMES CITY,VA,49470,51095
KING AND QUEEN,VA,49480,51097
KING GEORGE,VA,49490,51099
KING WILLIAM,VA,49500,51101
LANCASTER,VA,49510,51103
LEE,VA,49520,51105
LOUDOUN,VA,49530,51107
LOUISA,VA,49540,51109
LUNENBURG,VA,49550,51111
MADISON,VA,49560,51113
MATHEWS,VA,49570,51115
MECKLENBURG,VA,49580,51117
MIDDLESEX,VA,49590,51119
MONTGOMERY,VA,49600,51121
NELSON,VA,49620,51125
NEW KENT,VA,49621,51127
NORTHAMPTON,VA,49650,51131
NORTHUMBERLND,VA,49660,51133
NOTTOWAY,VA,49670,51135
ORANGE,VA,49680,51137
PAGE,VA,49690,51139
PATRICK,VA,49700,51141
PITTSYLVANIA,VA,49710,51143
POWHATAN,VA,49720,51145
PRINCE EDWARD,VA,49730,51147
PRINCE GEORGE,VA,49740,51149
PRINCE WILLIAM,VA,49750,51153
PULASKI,VA,49770,51155
RAPPAHANNOCK,VA,49780,51157
RICHMOND,VA,49790,51159
ROANOKE,VA,49800,51161
ROCKBRIDGE,VA,49810,51163
ROCKINGHAM,VA,49820,51165
RUSSELL,VA,49830,51167
SCOTT,VA,49840,51169
SHENANDOAH,VA,49850,51171
SMYTH,VA,49860,51173
SOUTHAMPTON,VA,49870,51175
SPOTSYLVANIA,VA,49880,51177
STAFFORD,VA,49890,51179
SURRY,VA,49900,51181
SUSSEX,VA,49910,51183
TAZEWELL,VA,49920,51185
WARREN,VA,49930,51187
WASHINGTON,VA,49950,51191
WESTMORELAND,VA,49960,51193
WISE,VA,49970,51195
WYTHE,VA,49980,51197
YORK,VA,49981,51199
ALEXANDRIA CITY,VA,49011,51510
BEDFORD CITY,VA,49088,51515
BRISTOL CITY,VA,49111,51520
BUENA VISTA CITY,VA,49141,51530
CHARLOTTESVILLE CITY,VA,49191,51540
CHESAPEAKE CITY,VA,49194,51550
COLONIAL HEIGHTS CITY,VA,49212,51570
COVINGTON CITY,VA,49213,51580
DANVILLE CITY,VA,49241,51590
EMPORIA CITY,VA,49270,51595
FAIRFAX CITY,VA,49288,51600
FALLS CHURCH CITY,VA,49291,51610
FRANKLIN CITY,VA,49328,51620
FREDERICKSBURG CITY,VA,49342,51630
GALAX CITY,VA,49343,51640
HAMPTON CITY,VA,49411,51650
HARRISONBURG CITY,VA,49421,51660
HOPEWELL CITY,VA,49451,51670
LEXINGTON CITY,VA,49522,51678
LYNCHBURG CITY,VA,49551,51680
MANASSAS CITY,VA,49563,51683
MANASSAS PARK CITY,VA,49565,51685
MARTINSVILLE CITY,VA,49561,51690
NEWPORT NEWS CITY,VA,49622,51700
NORFOLK CITY,VA,49641,51710
NORTON CITY,VA,49661,51720
PETERSBURG CITY,VA,49701,51730
POQUOSON,VA,49712,51735
PORTSMOUTH CITY,VA,49711,51740
RADFORD CITY,VA,49771,51750
RICHMOND CITY,VA,49791,51760
ROANOKE CITY,VA,49801,51770
SALEM CITY,VA,49838,51775
STAUNTON CITY,VA,49891,51790
SUFFOLK CITY,VA,49892,51800
VIRGINIA BEACH CITY,VA,49921,51810
WAYNESBORO CITY,VA,49951,51820
WILLIAMSBURG CITY,VA,49961,51830
WINCHESTER CITY,VA,49962,51840
STATEWIDE,VA,49999,51990
ADAMS,WA,50000,53001
ASOTIN,WA,50010,53003
BENTON,WA,50020,53005
CHELAN,WA,50030,53007
CLALLAM,WA,50040,53009
CLARK,WA,50050,53011
COLUMBIA,WA,50060,53013
COWLITZ,WA,50070,53015
DOUGLAS,WA,50080,53017
FERRY,WA,50090,53019
FRANKLIN,WA,50100,53021
GARFIELD,WA,50110,53023
GRANT,WA,50120,53025
GRAYS HARBOR,WA,50130,53027
ISLAND,WA,50140,53029
JEFFERSON,WA,50150,53031
KING,WA,50160,53033
KITSAP,WA,50170,53035
KITTITAS,WA,50180,53037
KLICKITAT,WA,50190,53039
LEWIS,WA,50200,53041
LINCOLN,WA,50210,53043
MASON,WA,50220,53045
OKANOGAN,WA,50230,53047
PACIFIC,WA,50240,53049
PEND OREILLE,WA,50250,53051
PIERCE,WA,50260,53053
SAN JUAN,WA,50270,53055
SKAGIT,WA,50280,53057
SKAMANIA,WA,50290,53059
SNOHOMISH,WA,50300,53061
SPOKANE,WA,50310,53063
STEVENS,WA,50320,53065
THURSTON,WA,50330,53067
WAHKIAKUM,WA,50340,53069
WALLA WALLA,WA,50350,53071
WHATCOM,WA,50360,53073
WHITMAN,WA,50370,53075
YAKIMA,WA,50380,53077
STATEWIDE,WA,50999,53990
BARBOUR,WV,51000,54001
BERKELEY,WV,51010,54003
BOONE,WV,51020,54005
BRAXTON,WV,51030,54007
BROOKE,WV,51040,54009
CABELL,WV,51050,54011
CALHOUN,WV,51060,54013
CLAY,WV,51070,54015
DODDRIDGE,WV,51080,54017
FAYETTE,WV,51090,54019
GILMER,WV,51100,54021
GRANT,WV,51110,54023
GREENBRIER,WV,51120,54025
HAMPSHIRE,WV,51130,54027
HANCOCK,WV,51140,54029
HARDY,WV,51150,54031
HARRISON,WV,51160,54033
JACKSON,WV,51170,54035
JEFFERSON,WV,51180,54037
KANAWHA,WV,51190,54039
LEWIS,WV,51200,54041
LINCOLN,WV,51210,54043
LOGAN,WV,51220,54045
MC DOWELL,WV,51230,54047
MARION,WV,51240,54049
MARSHALL,WV,51250,54051
MASON,WV,51260,54053
MERCER,WV,51270,54055
MINERAL,WV,51280,54057
MINGO,WV,51290,54059
MONONGALIA,WV,51300,54061
MONROE,WV,51310,54063
MORGAN,WV,51320,54065
NICHOLAS,WV,51330,54067
OHIO,WV,51340,54069
PENDLETON,WV,51350,54071
PLEASANTS,WV,51360,54073
POCAHONTAS,WV,51370,54075
PRESTON,WV,51380,54077
PUTNAM,WV,51390,54079
RALEIGH,WV,51400,54081
RANDOLPH,WV,51410,54083
RITCHIE,WV,51420,54085
ROANE,WV,51430,54087
SUMMERS,WV,51440,54089
TAYLOR,WV,51450,54091
TUCKER,WV,51460,54093
TYLER,WV,51470,54095
UPSHUR,WV,51480,54097
WAYNE,WV,51490,54099
WEBSTER,WV,51500,54101
WETZEL,WV,51510,54103
WIRT,WV,51520,54105
WOOD,WV,51530,54107
WYOMING,WV,51540,54109
STATEWIDE,WV,51999,54990
ADAMS,WI,52000,55001
ASHLAND,WI,52010,55003
BARRON,WI,52020,55005
BAYFIELD,WI,52030,55007
BROWN,WI,52040,55009
BUFFALO,WI,52050,55011
BURNETT,WI,52060,55013
CALUMET,WI,52070,55015
CHIPPEWA,WI,52080,55017
CLARK,WI,52090,55019
COLUMBIA,WI,52100,55021
CRAWFORD,WI,52110,55023
DANE,WI,52120,55025
DODGE,WI,52130,55027
DOOR,WI,52140,55029
DOUGLAS,WI,52150,55031
DUNN,WI,52160,55033
EAU CLAIRE,WI,52170,55035
FLORENCE,WI,52180,55037
FOND DU LAC,WI,52190,55039
FOREST,WI,52200,55041
GRANT,WI,52210,55043
GREEN,WI,52220,55045
GREEN LAKE,WI,52230,55047
IOWA,WI,52240,55049
IRON,WI,52250,55051
JACKSON,WI,52260,55053
JEFFERSON,WI,52270,55055
JUNEAU,WI,52280,55057
KENOSHA,WI,52290,55059
KEWAUNEE,WI,52300,55061
LA CROSSE,WI,52310,55063
LAFAYETTE,WI,52320,55065
LANGLADE,WI,52330,55067
LINCOLN,WI,52340,55069
MANITOWOC,WI,52350,55071
MARATHON,WI,52360,55073
MARINETTE,WI,52370,55075
MARQUETTE,WI,52380,55077
MENOMONEE,WI,52381,55078
MILWAUKEE,WI,52390,55079
MONROE,WI,52400,55081
OCONTO,WI,52410,55083
ONEIDA,WI,52420,55085
OUTAGAMIE,WI,52430,55087
OZAUKEE,WI,52440,55089
PEPIN,WI,52450,55091
PIERCE,WI,52460,55093
POLK,WI,52470,55095
PORTAGE,WI,52480,55097
PRICE,WI,52490,55099
RACINE,WI,52500,55101
RICHLAND,WI,52510,55103
ROCK,WI,52520,55105
RUSK,WI,52530,55107
ST. CROIX,WI,52540,55109
SAUK,WI,52550,55111
SAWYER,WI,52560,55113
SHAWANO,WI,52570,55115
SHEBOYGAN,WI,52580,55117
TAYLOR,WI,52590,55119
TREMPEALEAU,WI,52600,55121
VERNON,WI,52610,55123
VILAS,WI,52620,55125
WALWORTH,WI,52630,55127
WASHBURN,WI,52640,55129
WASHINGTON,WI,52650,55131
WAUKESHA,WI,52660,55133
WAUPACA,WI,52670,55135
WAUSHARA,WI,52680,55137
WINNEBAGO,WI,52690,55139
WOOD,WI,52700,55141
STATEWIDE,WI,52999,55990
ALBANY,WY,53000,56001
BIG HORN,WY,53010,56003
CAMPBELL,WY,53020,56005
CARBON,WY,53030,56007
CONVERSE,WY,53040,56009
CROOK,WY,53050,56011
FREMONT,WY,53060,56013
GOSHEN,WY,53070,56015
HOT SPRINGS,WY,53080,56017
JOHNSON,WY,53090,56019
LARAMIE,WY,53100,56021
LINCOLN,WY,53110,56023
NATRONA,WY,53120,56025
NIOBRARA,WY,53130,56027
PARK,WY,53140,56029
PLATTE,WY,53150,56031
SHERIDAN,WY,53160,56033
SUBLETTE,WY,53170,56035
SWEETWATER,WY,53180,56037
TETON,WY,53190,56039
UINTA,WY,53200,56041
WASHAKIE,WY,53210,56043
WESTON,WY,53220,56045
STATEWIDE,WY,53999,56990
ADJUNTAS,PR,40010,72001
AGUADA,PR,40020,72003
AGUADILLA,PR,40030,72005
AGUAS BUENAS,PR,40040,72007
AIBONITO,PR,40050,72009
ANASCO,PR,40060,72011
ARECIBO,PR,40070,72013
ARROYO,PR,40080,72015
BARCELONETA,PR,40090,72017
BARRANQUITAS,PR,40100,72019
BAYAMON,PR,40110,72021
CABO ROJO,PR,40120,72023
CAGUAS,PR,40130,72025
CAMUY,PR,40140,72027
CANOVANAS,PR,40145,72029
CAROLINA,PR,40150,72031
CATANO,PR,40160,72033
CAYEY,PR,40170,72035
CEIBA,PR,40180,72037
CIALES,PR,40190,72039
CIDRA,PR,40200,72041
COAMO,PR,40210,72043
COMERIO,PR,40220,72045
COROZAL,PR,40230,72047
CULEBRA,PR,40240,72049
DORADO,PR,40250,72051
FAJARDO,PR,40260,72053
FLORIDA,PR,40265,72054
GUANICA,PR,40270,72055
GUAYAMA,PR,40280,72057
GUAYANILLA,PR,40290,72059
GUAYNABO,PR,40300,72061
GURABO,PR,40310,72063
HATILLO,PR,40320,72065
HORMIGUEROS,PR,40330,72067
HUMACAO,PR,40340,72069
ISABELA,PR,40350,72071
JAYUYA,PR,40360,72073
JUANA DIAZ,PR,40370,72075
JUNCOS,PR,40380,72077
LAJAS,PR,40390,72079
LARES,PR,40400,72081
LAS MARIAS,PR,40410,72083
LAS PIEDRAS,PR,40420,72085
LOIZA,PR,40430,72087
LUQUILLO,PR,40440,72089
MANATI,PR,40450,72091
MARICAO,PR,40460,72093
MAUNABO,PR,40470,72095
MAYAGUEZ,PR,40480,72097
MOCA,PR,40490,72099
MOROVIS,PR,40500,72101
MAGUABO,PR,40510,72103
NARANJITO,PR,40520,72105
OROCOVIS,PR,40530,72107
PATILLAS,PR,40540,72109
PENUELAS,PR,40550,72111
PONCE,PR,40560,72113
QUEBRADILLAS,PR,40570,72115
RINCON,PR,40580,72117
RIO GRANDE,PR,40590,72119
SABANA GRANDE,PR,40610,72121
SALINAS,PR,40620,72123
SAN GERMAN,PR,40630,72125
SAN JUAN,PR,40640,72127
SAN LORENZO,PR,40650,72129
SAN SEBASTIAN,PR,40660,72131
SANTA ISABEL,PR,40670,72133
TOA ALTA,PR,40680,72135
TOA BAJA,PR,40690,72137
TRUJILLO ALTO,PR,40700,72139
UTUADO,PR,40710,72141
VEGA ALTA,PR,40720,72143
VEGA BAJA,PR,40730,72145
VIEQUES,PR,40740,72147
VILLALBA,PR,40750,72149
YABUCOA,PR,40760,72151
YAUCO,PR,40770,72153
STATEWIDE,PR,40999,72990
